aardvark,2.39
aardwolf,1.11
abalone,2.66
abeja,0.0001
addax,1.33
adder,2.69
adelgid,1.32
adelie penguin,1.8
aedes aegypti,1.97
affenpinscher,0.0001
afghan hound,3.29
african dog,4.64
african elephant,4.01
african wild dog,4.41
agama,1.98
agouti,1.88
airedale terrier,1.99
akita,2.49
albacore,2.23
albatross,2.9
albino python,2.98
alga,2.33
alligator,3.32
alligator lizard,3.15
alligator snapping turtle,3.03
allosaurus,1.85
alpaca,2.8
amberjack,1.64
american toad,3.34
amoeba,2.64
amphibian,2.72
amphioxus,1.25
amphipod,1.72
anaconda,2.97
anchovy,2.58
anemone,2.56
angelfish,1.95
anglerfish,1.61
angora goat,2.57
angora rabbit,2.58
anhinga,1.31
ankylosaur,1.13
annelid,1.58
anole,1.55
ant,3.86
anteater,2.28
antelope,3.08
antelope squirrel,2.98
anthropoid,2.11
antlion,1.29
apatosaurus,1.53
ape,3.48
aphid,2.39
aplysia,1.7
appaloosa,1.93
apple maggot,2.78
arachnid,2.31
arapaima,1.34
archaea,2.3
archeopteryx,0.0001
archosaur,0.0001
arctic char,3.36
arctic fox,3.94
argali,1.03
armadillo,2.7
armyworm,1.6
arrowhead dogfish,2.21
arrowhead shark,2.84
arthropod,2.33
ascidians,1.41
asian elephant,3.98
asp,3.05
ass,5.0
assassin bug,3.55
auk,2.27
auklet,0.0001
auroch,1.05
australopithecine,1.4
avian,3.14
avocet,1.83
axolotl,2.02
aye aye,3.59
babirusa,1.04
baboon,2.73
baby,5.26
baca,2.73
bacteria,4.19
badger,3.48
bald eagle,3.65
baleen whale,2.09
banana slug,3.23
bandicoot,2.51
bantam,2.79
bark beetle,3.36
barn owl,3.63
barnacle,2.55
barnacle goose,2.53
barracuda,2.78
barramundi,1.89
barred owl,3.48
basenji,1.56
basilisk,2.42
basking shark,2.85
bass,4.28
basset hound,2.56
bat,4.3
batfish,1.24
bay scallop,2.75
baya,1.83
beaded lizard,2.96
beagle,3.06
beaked whale,2.29
bear,4.71
bear cub,3.46
bearcat,2.18
bearded dragon,3.31
bearded vulture,2.95
beaver,3.61
bedbug,2.17
bee,4.09
bee eater,3.34
bee moth,3.4
beef cattle,3.91
beefalo,1.01
beet armyworm,1.58
beetle,3.53
bellbird,1.31
belted kingfisher,2.53
beluga,2.69
beluga whale,2.67
bengal tiger,3.59
bernese mountain dog,2.23
bessbug,0.0001
beta fish,4.12
betta,2.79
betta fish,2.79
bettong,1.27
bichon,2.05
bigeye,1.66
bighorn,2.63
bighorn sheep,2.62
bilbies,1.24
bilby,1.95
billfish,1.73
billy goat,3.85
binturong,1.09
bird,4.63
bison,3.26
biting midge,2.72
bittern,2.09
bivalve,2.18
black bear,4.64
black headed gull,2.99
black lab,4.38
black labrador,3.3
black mamba,2.64
black panther,3.64
black squirrel,3.68
black widow,4.06
black-capped chickadee,2.2
blackbird,2.91
blackbuck,1.24
blackcap,1.7
blackfish,2.59
blackfly,1.31
blackpoll,0.0001
blacktail,1.55
blacktail deer,1.55
blacktip reef shark,1.53
blacktip shark,1.53
blenny,1.37
blister beetle,2.89
blobfish,1.37
bloodhound,2.7
bloodworm,1.14
blowfish,2.29
blowfly,1.77
blubber fish,2.53
blue catfish,3.34
blue heron,3.09
blue jay,4.31
blue marlin,3.01
blue shark,4.06
blue whale,3.95
bluebill,0.0001
bluebird,2.91
bluefin,2.39
bluefin tuna,2.37
bluefish,2.12
bluefooted booby,0.0001
bluegill,2.16
bluetick,1.09
boa,3.18
boa constrictor,2.32
boar,3.3
bobcat,2.8
bobolink,1.71
bobtail,1.97
bobwhite,1.7
bobwhite quail,1.68
boll weevil,2.31
bollworm,1.26
bolognese,2.59
bombardier beetle,2.79
bonefish,1.86
bongo,2.87
bonito,2.5
bonnethead,0.0001
bonobo,2.38
bony fish,3.24
booby,2.98
border collie,2.97
borzoi,1.66
boston terrier,3.23
botfly,1.37
boto,1.68
bottlenose,2.37
bottlenose dolphin,2.35
bottlenose whale,2.36
bovine,3.01
bowerbird,1.42
bowfin,1.33
bowhead,1.9
bowhead whale,1.9
box turtle,3.88
boxelder bug,1.5
boxer,3.74
boxfish,1.23
brachiopod,1.78
brachiosaurus,1.74
bream,2.69
brimfish,0.0001
brine shrimp,2.99
broadbill,1.17
broadtail,0.0001
bronc,2.04
bronco,2.99
brontosaurus,2.16
broodmare,1.82
broody hen,2.22
brook trout,3.46
brown bear,4.53
brown bullhead,2.15
brown creeper,2.94
brown hyena,2.8
brown recluse,2.92
brown recluse spider,2.9
brown thrasher,2.65
brown trout,3.76
bruin,2.52
bryozoan,1.6
buck,4.01
bucking bronco,2.58
budgerigar,1.47
budgie,2.49
buffalo,4.14
bufflehead,1.38
bufo,1.98
bug,4.2
bulbul,1.91
bull,4.34
bull mastiff,2.57
bull shark,3.9
bull snake,3.98
bull terrier,3.21
bulldog,3.38
bullfinch,1.77
bullfrog,2.34
bullhead,2.15
bullhead catfish,2.12
bullmastiff,1.38
bullock,3.41
bullsnake,0.0001
bumblebee,2.92
bunny,3.88
bunny rabbit,3.66
bunting,3.04
burbot,1.46
burmese mountain dog,3.25
burro,2.35
bush squirrel,3.63
bushbaby,0.0001
bushbuck,1.3
bushmaster,2.13
bustard,1.97
butterfish,1.45
butterflies,3.69
butterfly,3.93
butterflyfish,1.27
buzzard,2.83
cactus wren,2.92
caddis fly,1.93
caecilian,1.03
caiman,2.21
cairn terrier,2.72
calf,3.71
calico cat,2.87
camel,3.64
cameo,3.48
canary,3.44
canebrake rattlesnake,1.21
canine,3.33
canis lupus,2.4
cankerworm,0.0001
canvasback,1.56
canvasback duck,1.56
cape buffalo,3.91
capelin,1.57
capercaillie,1.7
capibara,0.0001
caplin,1.95
capon,2.19
capuchin,2.37
capuchin monkey,2.36
capybara,2.15
carabao,2.02
caracal,1.99
caracara,1.7
cardinal,3.9
caribou,2.97
carp,3.18
carpenter ant,3.53
carpenter bee,3.63
carpet beetle,3.44
carrier pigeon,3.53
carrion crow,2.68
carthorse,1.08
cartilaginous fish,2.31
cassowary,2.01
cat,4.78
catamount,1.65
catbird,1.88
caterpillar,3.38
catfish,3.35
cattle,4.15
cattle egret,2.31
cavalier king charles spaniel,2.66
cavy,1.57
cayote,0.0001
cedar waxwing,1.67
centipede,2.79
cephalopod,2.08
ceratopsian,1.06
cervid,1.03
cetacean,2.19
chachalaca,0.0001
chaffinch,1.83
chain pickerel,2.07
chambered nautilus,2.42
chameleon,3.1
chamois,2.47
channel catfish,3.34
char,3.47
charolais,1.7
cheep,2.47
cheetah,3.2
chetah,0.0001
chewbacca,2.71
chick,4.08
chickadee,2.22
chicken,4.63
chigger,1.55
chihuahua,3.21
chimaera,1.78
chimp,2.95
chimpanzee,2.96
chinch bug,1.43
chinchilla,2.57
chinook,2.9
chinook salmon,2.87
chipmunk,2.74
chipping sparrow,2.99
chocolate labrador,3.27
chough,1.57
chow chow,3.13
christmas tree worm,3.71
chub,2.7
chum salmon,2.93
cicada,2.49
cicada killer,2.49
cichlid,2.01
cichlid fish,2.01
civet,2.12
civet cat,2.12
clam,3.22
cleaner shrimp,3.54
clown fish,3.89
clownfish,2.18
clydesdale,2.47
coati,1.58
coatimundi,0.0001
cobia,1.64
cobra,3.51
cochineal,1.99
cock,4.23
cockatiel,1.9
cockatoo,2.52
cocker,2.81
cocker spaniel,2.51
cockerel,2.36
cockle,2.34
cockroach,3.16
cockroaches,3.11
cod,3.89
codfish,2.16
codling,1.74
codling moth,1.73
coelacanth,1.75
coho,2.35
coho salmon,2.34
collared lizard,2.76
collared peccary,1.59
collie,2.98
colobus,1.8
colobus monkey,1.8
colt,3.57
colugo,0.0001
comb jelly,3.33
common murre,1.32
common scoter,1.68
common yellowthroat,1.07
conch,2.79
condor,2.96
coney,3.06
conger,2.54
conger eel,2.46
constrictor,2.39
conure,1.61
coonhound,1.64
coot,2.5
cooter,2.32
copepod,1.9
copperhead,2.28
copperhead snake,2.27
coq,2.54
coral,3.86
coral reef snake,3.46
coral snake,3.71
corbina,0.0001
corgi,2.83
cormorant,2.34
corn borer,2.52
corn borer moth,2.48
corn earworm,2.16
corn snake,3.91
corncrake,1.38
cornish game hen,3.13
corydoras,1.25
cotton bollworm,1.26
cottonmouth,2.1
cottonmouth moccasin,1.89
cottontail,2.15
cottontail rabbit,2.14
cougar,3.38
courser,2.0
cow,4.14
cowbird,1.69
cownose ray,0.0001
cowrie,1.76
cowry,1.44
cows,3.93
coyote,3.36
coypu,1.09
crab,3.76
crane,3.92
cranefly,0.0001
crappie,2.32
crawdad,1.6
crawfish,2.65
crawler,2.81
crayfish,2.85
crevalle jack,1.02
cricket,4.39
crinoid,1.73
croaker,2.09
croc,2.95
crocodile,3.49
crossbill,1.53
crow,3.8
crucian carp,1.33
crustacean,2.56
cub,3.49
cuckoo,3.14
culex pipiens,1.49
curlew,2.28
cuscus,1.19
cusk,1.62
cuttlefish,2.53
cutworm,1.62
cygnet,1.97
dace,2.12
dachshund,2.64
daddy longlegs,1.81
dairy cattle,3.82
dairy cow,3.81
dall sheep,2.43
dalmatian,2.66
damsel fish,2.89
damselfish,1.33
damselfly,1.67
daphnia,2.02
darkling beetle,2.02
darning needle,1.94
darter,2.04
darwin frog,3.52
daschund,1.12
dear,4.77
decapod,1.7
deer,4.12
deerhound,1.3
degu,1.08
desert tortoise,3.23
devil,4.3
devon rex,3.56
diamondback,2.39
diamondback rattlesnake,2.26
diamondback terrapin,2.03
dik-dik,2.01
dingo,2.75
dinosaur,3.77
dinosaurs,3.72
diplodocus,1.92
doberman,2.5
doberman pinscher,1.8
dodo,2.88
dodo bird,2.87
doe,3.84
dog,5.1
dogfish,2.32
doggie,3.0
doggy,3.33
dogs,4.77
dolphin,3.67
dolphinfish,0.0001
domingo,3.21
donkey,3.62
doodlebug,1.73
dormouse,1.98
dory,3.1
dotterel,1.36
double-crested cormorant,2.23
dove,3.67
downy woodpecker,2.39
dragon,4.41
dragon lizard,3.56
dragonfly,3.03
drake,3.96
dray horse,2.44
dromedary,2.06
drosophila,2.88
drum fish,4.05
duck,4.21
duckbill,1.69
duckbilled platypus,0.0001
duckling,2.66
ducks,3.9
dugong,1.98
duiker,1.59
dung beetle,3.05
dungeness crab,2.29
dunlin,1.79
dusky shark,2.81
dwarf hamster,3.18
dwarf rabbit,3.57
dwarf sperm whale,3.37
eagle,4.13
eagle ray,4.03
eaglet,1.68
eared grebe,2.12
earthworm,2.42
earwig,2.07
eastern cottontail,2.15
eastern indigo snake,3.25
eastern kingbird,1.48
eastern lowland gorilla,2.89
eastern meadowlark,2.07
eastern newt,3.22
eastern toebiter,0.0001
echidna,2.27
echinoderm,1.62
eel,3.23
eelpout,1.09
eels,3.18
egret,2.32
eider,2.11
eider duck,2.11
eland,2.15
electric eel,3.22
elephant,4.08
elephant seal,3.88
elk,3.49
elkhound,1.24
elver,1.38
emerald shiner,2.59
emperor penguin,3.65
emu,3.05
equine,3.07
ermine,2.46
escolar,1.59
eugarie,0.0001
evening grosbeak,1.76
ewe,2.79
fairy shrimp,3.61
fairy tern,2.7
falcon,3.74
fall armyworm,1.6
fall webworm,1.33
fallow deer,2.81
fawn,3.02
feline,3.12
fennec fox,2.03
ferret,3.01
fiddler crab,2.78
filaria,1.17
filly,3.15
fin whale,3.52
finback,1.26
finback whale,1.26
finch,3.55
fire ant,3.84
firebird,2.66
firebug,2.06
firefly,3.13
fish,4.9
fish eagle,4.06
fisher,4.02
fisher cat,3.95
flacon,1.22
flamingo,3.06
flatfish,1.89
flathead catfish,2.6
flatworm,1.71
flea,3.42
flea beetle,3.17
flies,4.09
flounder,2.78
fly,4.75
fly fish,4.52
flycatcher,2.35
flying fish,4.49
flying monkey,3.98
flying snake,4.11
flying squirrel,3.65
foal,2.83
forest tent caterpillar,3.28
fossa,2.57
four eye butterfly fish,3.85
foureye butterflyfish,0.0001
fowl,3.0
fox,4.66
fox squirrel,3.65
fox terrier,3.22
foxes,3.42
foxhound,1.84
french bulldog,3.37
fresh water fish,4.52
freshwater eel,3.05
freshwater fish,3.5
freshwater mussel,2.67
friesian,1.96
frog,3.89
frogfish,1.4
froghopper,0.0001
frogmouth,1.11
fruit bat,4.11
fruit fly,4.35
fulmar,1.61
fungi,3.48
fungus gnat,2.42
gaboon viper,1.33
gadfly,2.12
gal,3.81
gall midge,2.65
gall wasp,3.02
gallinule,1.33
gamecock,1.98
gander,2.89
gannet,2.21
gar,2.99
garden snake,4.12
garfish,1.61
garibaldi,2.86
garter snake,2.95
gator,3.19
gaur,2.09
gavial,0.0001
gazelle,2.87
gecko,2.91
geese,3.35
gelding,2.73
gemsbok,1.38
genet,2.42
geoduck,1.48
gerbil,2.44
gerbils,2.23
german shepard,3.45
german shepherd,3.86
gharial,1.12
ghost crab,3.67
giant,4.62
giant anteater,2.28
giant panda,3.61
giant schnauzer,2.27
giant squid,3.41
giant tortoise,3.24
gibbon,2.8
gila monster,2.9
giraffe,3.32
glaucus,2.02
glider,3.09
globefish,0.0001
glowworm,1.59
gnat,2.46
gnatcatcher,1.48
gnu,3.04
goanna,1.91
goat,4.02
goatfish,1.05
goats,3.72
goby,2.12
godwit,1.78
godzilla,3.36
gold fish,4.71
golden eagle,4.02
golden labrador,3.28
golden marmot,2.4
golden plover,2.54
golden retriever,2.98
golden shiner,2.63
goldendoodle,1.62
goldfinch,2.43
goldfish,3.28
gooney bird,1.31
goose,3.84
gopher,2.87
gopher snake,2.85
gopher tortoise,2.72
gopher turtle,2.83
gorgonian,1.26
gorilla,3.62
goshawk,2.1
gosling,3.03
grackle,1.72
grass snake,4.0
grasshopper,3.03
grasshopper mouse,3.01
gray catbird,1.88
gray fox,4.24
gray jay,4.11
gray mullet,2.96
gray partridge,3.18
gray treefrog,1.21
gray whale,3.85
gray wolf,4.1
graywolf,1.42
great auk,2.27
great blue heron,3.09
great crested grebe,2.13
great dane,3.47
great horned owl,2.98
great pyrenees,2.87
great white shark,4.08
greater yellowlegs,1.38
grebe,2.21
green lacewing,1.54
green mamba,2.64
green tree frog,3.82
green tree python,3.73
greenfly,1.28
greenling,0.0001
greenshank,1.48
grenadier,2.54
grey squirrel,3.62
grey whale,3.86
greyhound,3.17
greylag goose,1.37
griffon,2.37
griffon vulture,2.31
grizzly,3.28
grizzly bear,3.26
grosbeak,1.76
ground hog,3.56
ground squirrel,3.67
groundfish,1.54
groundhog,2.9
grouper,2.54
grouse,3.14
grub,3.12
grunt,3.15
guan,2.78
guanaco,1.6
gudgeon,1.92
guenon,1.48
guerrilla,3.38
guillemot,1.79
guinea fowl,2.96
guinea hen,3.44
guinea pig,3.8
guinea worm,3.59
guineafowl,1.21
gull,3.0
gumboot chiton,1.28
gunnel,1.5
guppy,2.49
gurnard,1.79
gypsy moth,3.22
gyrfalcon,1.37
hackney,3.16
haddock,2.83
hadrosaur,1.33
hagfish,1.71
hairless cat,2.89
hairstreak,1.34
hairstreak butterfly,1.34
hairy woodpecker,2.78
hake,2.42
halcyon,2.65
halibut,2.71
hammerhead,2.68
hammerhead shark,2.66
hamster,3.31
hanover hound,3.1
harambe,2.49
harbor porpoise,2.55
harbor seal,3.92
hare,3.66
harp seal,3.35
harpy eagle,2.49
harrier,2.7
hart,4.04
hartebeest,1.48
havanese dog,1.46
hawk,3.81
hawk moth,3.33
hawk owl,3.54
hawkmoth,1.46
hawksbill,1.78
hawksbill turtle,1.78
heath hen,3.35
hedgehog,3.25
heifer,2.6
hellbender,1.44
helminth,1.84
hen,3.56
hen harrier,2.64
hermit,3.21
hermit crab,3.1
hermit thrush,2.68
heron,3.09
herring,3.48
herring gull,2.88
hexapod,1.35
hinny,1.43
hippo,3.13
hippopotamus,2.56
hoary marmot,2.04
hoatzin,1.21
hog,3.57
hogfish,1.14
hogg,3.15
hogget,1.25
hognose snake,1.44
hogs,3.17
holstein,2.84
homing pigeon,2.89
hominid,2.33
hominoid,1.35
homo erectus,2.42
homo habilis,1.9
homo sapiens,2.88
honey badger,3.43
honey bee,3.91
honey buzzard,2.82
honeybee,2.54
honeycreeper,0.0001
hooded merganser,1.76
hoofed mammal,2.08
hookworm,2.04
hoopoe,1.73
hoot owl,2.94
hornbill,1.92
horned dinosaur,2.97
horned lizard,2.94
horned owl,2.98
horned toad,2.86
hornet,3.15
horse,4.76
horsefly,1.64
horsehead,1.66
horseshoe crab,3.06
hound,3.43
hound dog,3.42
housefly,1.8
hoverfly,1.27
howler monkey,2.5
howling monkey,3.2
human,5.35
human being,5.25
hummingbird,2.96
hummingbird moth,2.85
humpback whale,2.78
humuhumunukunukuapua,0.0001
huntsman,2.98
huntsman spider,2.96
huskie,1.66
huskies,3.2
husky,3.29
hydra,3.31
hyena,2.8
hyenas,2.82
hyrax,1.56
ibex,2.41
ibis,2.83
ichthyosaur,1.67
iguana,2.74
imago,2.33
impala,3.06
inchworm,1.56
indigo bunting,2.85
indigo snake,3.26
indri,1.68
insect,3.76
invertebrate,2.74
isopod,1.78
itch mite,2.9
ivory billed,3.4
ivory gull,2.94
jabiru,1.68
jack,4.82
jack crevalle,1.02
jack mackerel,3.07
jack rabbit,3.98
jack russell,4.21
jack russell terrier,3.2
jackal,2.87
jackalope,1.78
jackass,3.33
jackass penguin,3.2
jackdaw,2.15
jackrabbit,2.25
jaguar,3.51
jaguarundi,0.0001
javelina,1.56
jawless fish,1.56
jay,4.38
jaybird,1.92
jellyfish,3.25
jerboa,1.52
jewfish,1.22
jigger,2.11
joey,3.92
junco,1.88
june beetle,3.52
june bug,4.16
jungle fowl,2.97
kangaroo,3.5
kangaroo rat,3.42
karakul,1.39
katydid,1.64
kea,2.54
keeshond,1.17
kelp greenling,0.0001
kelpie,1.94
kestrel,2.47
keyhole limpet,2.15
kid,4.99
killdeer,1.7
killer bee,3.94
killer whale,3.86
killifish,1.69
king cobra,3.5
king crab,3.74
king mackerel,3.08
king salmon,3.98
kingbird,1.48
kingfish,2.12
kingfisher,2.87
kingsnake,1.42
kinkajou,1.25
kite,3.55
kitfox,1.08
kitten,3.64
kittiwake,1.68
kitty,3.98
kitty cat,3.92
kiwi,3.33
koala,3.04
koala bear,3.03
kodiak,2.66
kodiak bear,2.66
koi,3.07
koi fish,3.06
komodo dragon,2.63
kongoni,0.0001
kookaburra,2.21
krait,1.85
krill,2.63
kuala,3.5
kudu,2.13
lab,4.42
labrador,3.3
labrador retriever,2.82
lacewing,1.54
lady bug,4.13
ladybird,2.54
ladybird beetle,2.5
ladybug,2.67
ladyfish,1.17
lake trout,3.74
lake whitefish,2.59
lamb,4.02
lamprey,2.28
lamprey eel,2.23
landlocked salmon,2.74
langur,1.79
lanternfish,0.0001
lapdog,2.27
lapin,2.0
lapwing,1.94
largemouth bass,2.29
lark,3.14
larva,2.99
larvae,3.58
laughing gull,2.99
leach,3.25
leaf beetle,3.45
leaf insect,3.63
leafhopper,1.74
leatherback,2.06
leatherback turtle,2.05
leatherjacket,1.46
lechwe,1.09
leech,3.17
legless lizard,2.29
lemming,2.33
lemur,2.57
leopard,3.59
leopard frog,3.41
leopard seal,3.51
leopard shark,3.47
leopardess,0.0001
lepidopteran,1.47
lesser scaup,1.74
lesser yellowlegs,1.38
lhasa apso,1.53
liger,2.23
limpet,2.25
lingcod,1.3
linnet,2.12
lion,4.25
lion cub,3.42
lioness,2.75
lionfish,2.21
lions,4.18
little brown myotis,1.85
lizard,3.63
llama,2.95
loach,2.44
lobster,3.65
locust,3.0
loggerhead,2.17
loggerhead shrike,1.97
loggerhead turtle,2.16
long tailed lizard,3.17
long tailed salamander,2.66
longhorn,2.67
longneck,1.44
loon,2.99
lorikeet,1.51
loris,2.33
louse,2.6
lovebird,1.83
lugworm,0.0001
lumpfish,0.0001
luna moth,3.26
lungfish,1.74
lungless salamander,0.0001
lynx,3.06
lyrebird,1.22
macaque,2.43
macaque monkey,2.42
macaw,2.33
mackerel,3.08
mackerel tuna,2.97
madagascar hissing cockroach,2.62
maggot,2.78
magpie,2.9
mahi,2.74
mahimahi,1.06
maine coon,3.04
mako shark,2.94
malamute,1.92
malarial mosquito,2.33
maleo,0.0001
malinois,1.88
mallard,2.81
mallee fowl,2.16
maltese,3.03
maltese terrier,2.82
mamba,2.64
mammal,3.31
mammoth,3.4
man,5.82
manakin,1.4
manatee,2.74
mandrill,1.7
maned wolf,1.94
mangabey,1.18
mangrove snapper,2.64
manowar,1.9
manta,2.82
manta ray,2.81
mantis,3.11
mantis shrimp,3.03
marabou,1.83
marabou stork,1.79
mare,3.6
markhor,1.31
marlin,3.01
marmoset,2.05
marmot,2.4
marsh harrier,2.67
marsh wren,3.03
marsupial,2.41
marten,2.66
mason bee,3.81
massasauga,0.0001
mastiff,2.58
mastodon,2.55
maverick,3.33
mayfly,2.03
meadow pipit,1.86
meadow vole,2.59
meadowlark,2.07
mealworm,1.53
mealy bug,2.39
mealybug,1.53
medfly,1.29
medicinal leech,3.01
medusa,3.1
meerkat,2.49
megalodon,2.12
menhaden,1.72
merganser,1.77
merino sheep,2.85
merlin,3.42
metazoan,1.68
mice,4.09
microbe,2.63
midge,2.76
milch cow,2.16
milkfish,1.44
milking shorthorn,1.77
millipede,1.88
miniature pinscher,1.89
miniature pony,3.46
miniature poodle,2.94
miniature schnauzer,2.26
mink,3.15
minke whale,2.26
minnow,2.62
minnow fish,2.62
minx,2.49
mirid bug,0.0001
mistle thrush,1.35
mite,3.08
moccasin,2.3
mockingbird,2.98
mojarra,0.0001
mola,2.4
mole,3.67
mole rat,3.55
mollusk,2.28
monarch butterfly,3.49
mongoose,2.67
monitor,4.37
monitor lizard,3.56
monkey,4.07
monkeys,3.86
monkfish,2.12
monotreme,1.13
monster,4.49
moonfish,1.03
moonglow boa,1.63
moorhen,1.59
moose,3.61
moray,3.02
moray eel,2.81
mosquito,3.61
mosquitofish,1.31
moth,3.5
moths,3.21
mouflon,1.29
mountain cat,4.45
mountain goat,3.94
mountain gorilla,3.59
mountain lion,4.13
mourning dove,3.38
mouse,4.31
mud dauber,1.9
mudskipper,1.24
mule,3.44
mule deer,3.36
mules,3.11
mullet,2.97
mulloway,1.07
muntjac,1.65
murre,1.32
muscovy duck,2.25
musk deer,3.4
musk ox,3.18
musk turtle,3.35
muskellunge,1.57
muskox,1.45
muskrat,2.41
mussel,2.74
mustang,3.58
mute swan,3.44
mutton snapper,2.7
myna,1.66
myna bird,1.66
mynah,1.64
mynah bird,1.64
naked mole rat,3.5
narwhal,2.28
nautilus,2.87
neanderthal,2.95
needlefish,1.14
nematode,2.57
nematode worm,2.54
newt,3.23
nightcrawler,2.55
nightingale,3.29
nightjar,2.02
nilgai,1.23
northern bobwhite,1.7
northern cricket frog,3.74
northern harrier,2.7
northern parula,1.06
northern pike,3.65
northern pocket gopher,2.85
northern shrike,2.39
northern snakehead,1.86
nudibranch,1.66
nurse shark,3.92
nuthatch,2.0
nutria,1.76
nyala,1.55
oarfish,1.85
ocean pout,2.82
ocean sunfish,2.35
oceanic whitetip shark,1.17
ocelot,2.34
octopus,3.46
okapi,1.85
olive ridley,3.27
omnivore,2.23
onion thrips,2.24
opah,1.13
opossum,2.47
opossum shrimp,2.45
orang,2.69
orange roughie,1.15
orangutan,2.8
orangutang,0.0001
orca,2.93
orca whale,2.89
orchard oriole,2.32
oriole,2.35
ormer,1.23
ornithopod,0.0001
ortolan,1.66
oryx,2.51
osprey,2.89
ostrich,3.05
ostriches,2.43
otter,3.37
ovenbird,0.0001
owl,3.87
owlet,1.83
ox,3.47
oxen,2.9
oyster,3.54
oystercatcher,1.66
oysters,3.34
pachyderm,1.8
packhorse,1.74
packrat,1.56
paddlefish,1.49
pajero,1.93
pallass cat,0.0001
palm civet,2.12
palo verde borer,2.4
palomino,2.29
panda,3.65
panda bear,3.61
pangolin,2.36
panther,3.65
papillon,2.52
parakeet,2.48
parasitic worm,3.15
parrot,3.49
parrotfish,2.01
partridge,3.2
passerine,1.72
peacock,3.44
peafowl,1.72
peahen,1.33
pearl oyster,3.44
peccary,1.62
peckerwood,1.52
pectoral sandpiper,2.33
pelican,3.07
pembroke welsh corgi,2.62
penguin,3.78
penis worm,3.59
perch,3.29
peregrine,2.82
peregrine falcon,2.77
periodical cicada,2.4
perro,1.99
persian cat,3.78
person,5.55
pescador,1.38
petrel,2.21
pewee,1.64
phalarope,1.58
pheasant,3.03
phoenix,4.21
pickerel,2.07
piffle,1.91
pig,4.14
pigeon,3.61
pigfish,0.0001
piggy,3.3
piglet,2.82
pika,2.57
pike,3.68
pike perch,3.14
pilchard,1.88
pileated woodpecker,1.71
pill bug,3.81
pilot whale,3.87
pincher,2.3
pine grosbeak,1.76
pine marten,2.64
pine siskin,1.66
pinfish,0.0001
pink bollworm,1.26
pink salmon,3.89
pinniped,1.38
pinscher,1.9
pintail,1.86
pinto horse,3.11
pinworm,1.19
pipefish,1.29
piping plover,2.49
pipistrelle,1.49
pipit,1.87
piranha,2.75
pistol shrimp,3.55
pit bull,4.0
pit bull terrier,3.17
pit viper,3.26
pitbull,3.08
placental mammal,2.53
placoderm,0.0001
plaice,2.16
planaria,1.37
plankton,3.05
platypus,2.69
pleco,1.28
plesiosaur,1.56
plover,2.54
pochard,1.55
pocket gopher,2.86
poison dart frog,3.29
polar,3.96
polar bear,3.89
polecat,2.01
pollack,2.85
pollock,3.23
pollywog,1.12
polo pony,3.49
polychaeta,1.22
pomeranian,2.58
pompano,2.39
pony,3.81
pooch,2.97
poodle,3.02
popinjay,1.54
porbeagle,1.27
porcupine,2.88
porgy,2.25
pork,4.03
porpoise,2.56
portuguese water dog,3.98
possum,2.94
potato beetle,3.43
potbellied pig,1.7
potoroo,0.0001
poultry,3.54
pouter,1.24
prairie cat,3.67
prairie chicken,3.65
prairie dog,3.68
prairie grouse,3.03
prairie rattlesnake,2.81
prairie vole,2.6
prawn,2.87
praying mantis,3.06
primate,3.14
proboscis monkey,2.38
pronghorn,2.0
pronghorn antelope,1.97
protists,1.8
psyllid,1.57
ptarmigan,2.05
pterodactyl,2.29
pterosaur,1.94
pubic louse,2.47
puff adder,2.63
puffer,2.64
puffer fish,2.64
pufferfish,1.98
puffin,2.66
pug,3.11
puggle,1.58
pullet,1.48
puma,3.22
pumpkinseed,1.23
pup,3.64
pupa,2.51
puppy,4.0
purple finch,3.48
purple gallinule,1.33
purple marten,2.65
puss,3.03
pussycat,2.75
pygmy chimpanzee,2.52
pygmy elephant,2.7
pygmy goat,2.7
pygmy marmoset,1.97
pygmy sperm whale,2.67
python,3.78
quagga,1.88
quahog,1.97
quail,3.13
queen bee,4.02
queenfish,0.0001
quetzal,2.01
quokka,1.5
rabbit,4.05
raccoon,3.27
raccoon fox,3.25
racehorse,2.86
racoon,2.24
ragdoll cat,2.21
rainbow lorikeet,1.51
rainbow smelt,2.96
rainbow trout,3.6
rainbowfish,0.0001
ram,4.19
raptor,3.15
rat,4.17
rat snake,3.9
rat terrier,3.19
ratite,1.12
raton,2.96
rattler,2.32
rattlesnake,2.87
raven,3.79
ray,4.69
razor clam,3.1
razorback,2.36
razorbill,1.28
red admiral butterfly,3.65
red bellied woodpecker,2.46
red deer,4.09
red drum,4.08
red fox,4.57
red kangaroo,3.49
red panda,3.64
red robin,4.29
red shouldered hawk,2.79
red snapper,3.0
red squirrel,3.68
red tailed hawk,3.23
red winged blackbird,2.8
redbird,1.96
redbone,1.99
redbreast,1.81
redbug,0.0001
redear,1.05
redfish,2.07
redheaded woodpecker,2.22
redhorse,1.29
redhorse sucker,1.29
redpoll,1.51
redshank,1.7
redstart,1.75
redtail,1.35
redtail hawk,1.35
redwing,2.01
reed bunting,3.0
reef shark,3.64
reindeer,3.32
remora,1.86
reptile,3.25
reticulated python,2.25
retriever,2.99
rhea,3.01
rhesus macaque,2.19
rhesus monkey,2.56
rhino,3.57
rhinoceros,2.85
rhinoceros beetle,2.77
ribbonfish,0.0001
right whale,3.98
ring-tailed lemur,2.5
ringtail,1.67
ringtail cat,1.67
river otter,3.36
river rat,4.11
roach,3.44
roadrunner,2.4
robin,4.33
robin redbreast,1.81
rock hyrax,1.56
rockfish,2.23
rockhead,1.13
rodent,3.2
roe,3.44
roe deer,3.36
roly-poly,2.36
rook,3.1
rooster,3.31
roseate spoonbill,1.49
roseate tern,1.86
rotifer,1.36
rottweiler,2.59
roundworm,1.89
rudd,3.23
ruddy duck,2.98
ruddy turnstone,1.47
ruffed grouse,2.06
ruminant,2.09
russian blue,4.76
rusty blackbird,2.83
saber tooth,3.13
sabertoothed cat,0.0001
sabertoothed tiger,0.0001
sable,2.99
sable antelope,2.73
sacred ibis,2.81
sage grouse,3.06
saiga,2.01
sailfish,2.24
saint bernard,3.87
saki monkey,2.56
salamander,2.76
salmon,4.01
salmonid,1.76
saltwater crocodile,2.91
saltwater fish,3.03
saluki,1.73
sand cat,4.28
sand crab,3.68
sand dab,3.29
sand dollar,4.21
sand lance,3.82
sand shark,3.94
sand tiger shark,3.78
sandbar shark,2.3
sandfish,0.0001
sandfly,1.39
sandhill crane,2.17
sandpiper,2.46
sapsucker,1.53
sardine,2.66
sauropod,1.91
sauropod dinosaur,1.9
saury,1.51
savannah cat,3.59
sawfish,1.68
sawfly,1.78
scallop,2.75
scaly anteater,2.17
scarab,2.78
scarlet macaw,2.31
scarlet tanager,1.92
scaup,1.74
schipperke,0.0001
schistosome,1.19
schnauzer,2.27
scorpion,3.37
scorpionfish,1.15
scoter,1.68
scottish fold,3.97
scottish shetland,3.11
screech owl,2.84
scrod,1.16
scrub jay,3.61
sculpin,1.94
scup,1.2
sea anemone,2.56
sea bass,4.21
sea bear,4.55
sea bream,2.69
sea cow,4.09
sea cucumber,3.4
sea lamprey,2.28
sea lion,4.19
sea lions,4.13
sea monkey,4.03
sea otter,3.36
sea otters,3.06
sea ray,4.54
sea scorpion,3.36
sea slug,3.3
sea slug aplysia,1.69
sea snake,4.17
sea sponge,3.58
sea squirt,3.21
sea star,4.82
sea turtle,3.88
sea urchin,2.79
seabird,2.38
seagull,3.02
seahawk,2.35
seahorse,2.5
seal,4.3
sealion,1.86
sedge wren,2.31
sei whale,2.83
serow,1.2
serpent,3.46
serval,2.04
shad,2.84
shar pei,2.38
shark,4.1
shearwater,2.03
sheep,4.19
sheepdog,2.45
sheepshead,2.04
shelduck,1.34
shellfish,3.15
shepherd,3.9
shetland pony,3.05
shetland sheepdog,2.37
shih tzu,2.68
shipworm,0.0001
shorebird,1.73
shortfin mako,1.03
shorthorn,1.79
shoveler,1.7
shrew,2.75
shrike,2.39
shrimp,3.79
siamang,1.09
siamese cat,2.96
siberian blue robin,3.26
siberian cat,3.29
siberian husky,3.0
siberian tiger,3.27
sidewinder,2.47
sika,2.09
silkworm,2.4
silkworm moth,2.37
silky terrier,2.95
silverback,2.34
silverback gorilla,2.32
silverfish,2.07
silvertip,1.44
siphonophore,1.08
siskin,1.66
skate,3.74
skink,2.14
skipjack,2.04
skipjack tuna,2.03
skua,1.84
skunk,3.1
skylark,2.47
sled dog,3.23
slender loris,2.31
slime eels,2.97
sloth,3.1
sloth bear,3.09
slow loris,2.33
slug,3.31
smallmouth,2.2
smallmouth bass,2.2
smalltooth sawfish,0.0001
smelt,2.99
smooth dogfish,2.32
smooth hammerhead,2.67
snail,3.67
snail darter,2.03
snailfish,0.0001
snake,4.23
snapper,3.0
snapping turtle,3.34
snipe,3.04
snoek,1.43
snook,2.48
snow crab,3.71
snow goose,3.78
snow leopard,3.56
snow lion,4.11
snow monkey,3.97
snowbird,2.17
snowshoe hare,2.39
snowy egret,2.29
snowy owl,3.32
sockeye,2.3
sockeye salmon,2.29
song thrush,2.83
songbird,2.68
soupfin,0.0001
sow,3.38
spadefish,1.23
spadefoot,1.03
spadefoot toad,1.03
spaniel,2.82
spanish mackerel,3.07
sparrow,3.48
sparrow hawk,3.31
spearfish,1.96
speckled trout,2.77
spectacled caiman,1.75
sperm whale,3.6
sphinx moth,2.88
sphynx cat,1.98
spider,4.25
spider crab,3.64
spider mite,3.05
spider monkey,3.85
spiny anteater,2.12
spiny dogfish,2.15
spiny dogfish shark,2.15
spiny lobster,2.6
spitting cobra,3.19
spitz,2.54
sponge,3.59
spoonbill,1.69
spotted flycatcher,2.34
spotted hyena,2.78
spotted owl,3.7
spotted salamander,2.74
spotted sandpiper,2.45
sprat,1.98
spring peeper,1.88
springbok,2.56
springer spaniel,2.75
spruce bark beetle,3.08
spruce grouse,2.95
squab,1.97
squid,3.44
squirrel,3.69
squirrel monkey,3.54
staffordshire bull terrier,2.96
staffordshire terrier,2.98
stag,3.25
stag beetle,3.07
staghorn coral,1.74
stallion,3.24
standard poodle,3.02
star-nosed mole,3.03
starfish,3.0
stargazer,2.28
starling,3.03
steed,2.95
steenbok,0.0001
steeplechase horse,2.59
steer,3.72
stegosaurus,2.12
steller jay,2.07
stick bug,4.09
stick insect,3.72
stickleback,1.8
stilt,2.37
stingray,2.93
stinkbug,1.27
stoat,2.04
stone curlew,2.28
stone marten,2.66
stonefish,1.57
stonefly,1.37
stony coral,3.19
stork,2.88
storm petrel,2.21
stormy petrel,2.19
striped bass,3.47
striped hyena,2.73
striped marlin,2.9
striped mullet,2.87
striped skunk,2.97
striper,1.99
sturgeon,3.34
suckerfish,0.0001
suckermouth catfish,0.0001
sugar glider,3.08
summer tanager,1.93
sun bear,4.52
sun conure,1.61
sunfish,2.35
superbug,2.01
surfperch,0.0001
surgeon fish,4.06
surgeonfish,1.24
swallow,3.87
swallowtail,2.03
swamp sparrow,3.32
swan,3.84
swift,4.15
swiftlet,0.0001
swine,3.46
swordfish,2.67
swordtail,0.0001
t rex,3.88
tabby,2.79
tabby cat,2.79
tadpole,2.51
tadpole shrimp,2.49
taipan,1.91
takahe,1.25
takin,3.21
tamarin,1.74
tammar wallaby,0.0001
tanager,1.93
tapeworm,2.52
tapir,2.29
tarantula,2.72
tardigrade,1.64
tarpon,2.36
tarsier,1.58
tasmanian devil,3.18
tautog,1.11
tawny owl,2.74
teacup chihuahua,2.59
teleost,1.71
teleost fish,1.71
tench,2.23
tent caterpillar,3.3
termite,2.78
tern,2.72
terrapin,2.28
terrier,3.24
tetra,2.72
tetrapod,1.68
theropod,1.9
theropod dinosaur,1.89
thorny devil,2.91
thoroughbred,2.98
threadfin,1.28
three toed sloth,2.64
thresher shark,2.33
thrip,1.03
thrush,2.83
thylacine,1.81
tick,3.8
tiger,4.3
tiger beetle,3.46
tiger cub,3.43
tiger moth,3.44
tiger rattlesnake,2.85
tiger salamander,2.75
tiger shark,3.89
tigon,0.0001
tigress,2.42
tilapia,2.64
tilefish,1.58
timber rattlesnake,2.84
timber wolf,3.85
titanosaur,1.54
titi,2.38
titi monkey,2.37
titmouse,1.87
toad,3.34
toadfish,1.41
tobacco budworm,1.49
tobacco hornworm,1.53
tody,1.67
tom turkey,4.37
tomato hornworm,1.53
tomcat,2.58
toothed whale,2.99
tortes,1.22
tortoise,3.26
tortoiseshell,2.36
tortuga,2.27
toucan,2.36
towhee,1.51
toy poodle,3.0
toy spaniel,2.81
tragopan,0.0001
trapdoor spider,2.48
tree shrew,2.75
treefrog,1.21
trematode,1.6
trepang,1.19
triceratops,2.38
triggerfish,1.64
trilobite,2.04
tripletail,0.0001
trogon,1.3
trotter,2.92
trout,3.78
trumpeter,2.7
trumpeter swan,2.67
tsetse,2.26
tsetse fly,2.26
tuatara,1.58
tubeworm,0.0001
tufted puffin,2.38
tufted titmouse,1.81
tuna,3.64
tundra swan,3.01
tunicate,1.4
tunny,1.86
turbot,2.19
turkey,4.56
turkey buzzard,2.82
turkey vulture,3.16
turtle,3.91
turtle dove,3.47
turtledove,1.86
tusker,1.91
tussock moth,2.02
tyrannosaur,1.92
tyrannosaurus,2.59
tyrannosaurus rex,2.57
ungulate,1.87
unicorn,3.54
upland sandpiper,2.37
urchin,2.79
vampire bat,3.84
vaquita,1.58
varmint,2.15
veal,3.08
veery,1.47
velociraptor,2.33
venomous lizard,2.97
vermin,2.96
vertebrate,2.97
vervet monkey,1.65
vesper sparrow,2.41
vicuna,1.56
vinegarroon,0.0001
viper,3.31
vireo,1.99
vizsla,1.88
vole,2.64
vulture,3.18
wagtail,2.02
wahoo,2.57
wallaby,2.64
wallaroo,1.95
walleye,2.56
walleyed pike,0.0001
walrus,2.98
wandering albatross,2.85
wapiti,1.72
warbler,2.77
warthog,2.49
wasp,3.35
water bear,4.65
water buffalo,4.12
water bug,4.18
water moccasin,2.3
water snake,4.21
waterbird,1.44
waterbuck,1.47
waterfowl,2.88
waxwing,1.67
weakfish,1.21
weasel,3.19
webworm,1.33
weevil,2.73
weimaraner,1.75
western lowland gorilla,2.9
western meadowlark,2.07
western tanager,1.93
westie,1.99
whale,3.98
whale shark,3.73
wheatear,1.65
whelk,1.9
whelp,2.49
whiff,3.22
whippet,2.25
whippoorwill,1.74
whipsnake,0.0001
whiptail,1.4
whirligig beetle,1.82
white marlin,3.01
white tailed deer,3.29
white tiger,4.27
white wolf,4.32
whitebait,1.76
whitefish,2.59
whitefly,1.75
whitetail deer,2.12
whiting,3.08
whooper,1.61
whooper swan,1.61
whooping crane,3.08
widgeon,1.7
widow spider,3.86
wiener dog,3.16
wigeon,1.73
wiggler,1.72
wild boar,3.29
wild dog,4.62
wildcat,3.06
wildebeest,2.52
willet,2.22
winkle,2.71
winter wren,3.08
wireworm,0.0001
wolf,4.35
wolf cub,3.43
wolf pup,3.56
wolf spider,4.0
wolffish,1.05
wolfhound,1.99
wolverine,3.44
wolves,4.01
woman,5.35
wombat,2.58
wood pewee,1.64
wood stork,2.87
wood thrush,2.83
woodchuck,2.3
woodcock,2.79
woodcock snipe,2.6
woodland caribou,2.89
woodpecker,2.82
woodworm,1.64
woolly adelgid,1.31
woolly bear,3.04
woolly mammoth,2.89
woolly monkey,3.01
woolly rhinoceros,2.64
worm,3.77
wrasse,2.06
wren,3.09
wriggler,1.14
xerus,0.0001
yak,3.12
yearling,2.68
yellow lab,4.23
yellow labrador,3.28
yellow perch,3.27
yellow warbler,2.76
yellowfin,2.23
yellowfin croaker,1.85
yellowfin tuna,2.21
yellowhammer,1.55
yellowjacket,1.87
yellowlegs,1.38
yellowtail,2.22
yellowtail flounder,2.11
yellowtail snapper,2.15
yellowthroat,1.07
yorkie,2.35
yorkshire terrier,3.18
zebra,3.4
zebra finch,3.17
zebra fish,3.39
zebra mussel,2.65
zebrafish,2.46
zebu,1.78
zooplankton,2.41
zorillo,0.0001
painted dog,4.28
lightning bug,3.91
flying fox,4.38
tigerfish,1.29
sifaka,1.18
mockingjay,2.59
sphynx,1.98
