1231_2	squirrel
1231_2	chipmunk
1231_2	groundhog
1231_2	dog
1231_2	cat
1231_2	lion
1231_2	tiger
1231_2	bear
1231_2	moose
1231_2	deer
1231_2	fishercat
1231_2	fox
1231_2	chicken
1231_2	robin
1231_2	greyhound
1231_2	duck
1231_2	goose
1231_2	snake
1231_2	osprey
1231_2	eagle
1231_4	lion
1231_4	tiger
1231_4	bear
1231_4	dog
1231_4	cat
1231_4	wolf
1231_4	coyote
1231_4	giraffe
1231_4	zebra
1231_4	deer
1231_4	antelope
1231_4	rhinocerous
1231_4	pig
1231_4	robin
1231_4	hen
1231_4	ostrich
1231_4	elephant
1231_4	snake
1231_4	otter
1231_6	cat
1231_6	dog
1231_6	ardvark
1231_6	rhino
1231_6	tiger
1231_6	lion
1231_6	catamount
1231_6	wolf
1231_6	leopard
1231_6	fox
1231_6	crocodile
1231_6	alligator
1231_6	fish
1231_6	turtle
1231_6	frog
1232_1	dog
1232_1	cat
1232_1	giraffe
1232_1	zebra
1232_1	lion
1232_1	turkey
1232_1	ckicken
1232_1	spider
1232_1	tarantula
1232_1	fish
1232_1	fox
1232_1	deer
1232_1	moose
1232_1	squirrel
1232_1	guineapig
1232_1	mouse
1232_1	bird
1232_1	swan
1232_3	dog
1232_3	cat
1232_3	mouse
1232_3	spider
1232_3	ant
1232_3	fly
1232_3	bird
1232_3	giraffe
1232_3	zebra
1232_3	lion
1232_3	tiger
1232_3	pig
1232_3	goat
1232_3	cat
1232_3	chicken
1232_3	sheep
1232_3	wolf
1232_3	tiger
1232_3	lion
1232_3	elephant
1233_1	dog
1233_1	cat
1233_1	bear
1233_1	mink
1233_1	ermine
1233_1	sable
1233_1	wolf
1233_1	pig
1233_1	boar
1233_1	horse
1233_1	zebra
1233_1	hippo
1233_1	cat
1233_1	lynx
1233_1	mountain lion
1233_1	puma
1233_1	cow
1233_1	rhino
1233_1	elephant
1233_1	camel
1233_1	monkey
1233_1	orangutan
1233_1	chimp
1233_1	polar bear
1233_3	trout
1233_3	salmon
1233_3	perch
1233_3	sword fish
1233_3	marlin
1233_3	sea bass
1233_3	molk bass
1233_3	yellow perch
1233_3	alewife
1233_3	anchovy
1233_3	sardine
1233_3	grouper
1233_3	blue shark
1233_3	gray shark
1233_3	whale
1233_3	sperm whale
1233_3	blue whale
1233_3	seal
1233_3	blue
1233_3	walrus
1233_5	fish
1233_5	eel
1233_5	trout
1233_5	salmon
1233_5	catfish
1233_5	angelfish
1233_5	cow
1233_5	horse
1233_5	cod
1233_5	pig
1233_5	goat
1233_5	sheep
1233_5	lion
1233_5	mink
1233_5	tiger
1233_5	bobcat
1233_5	mountain lion
1233_5	weasel
1233_5	leopard
1233_5	chicken
1233_5	sparrow
1233_5	squirrel
1233_5	turkey
1233_7	aardvark
1233_7	albtros
1233_7	ass
1233_7	horse
1233_7	colt
1233_7	mare
1233_7	dunkey
1233_7	deer
1233_7	cow
1233_7	elk
1233_7	moose
1233_7	coyote
1233_7	beaver
1233_7	catfish
1233_7	raccoon
1233_7	mink
1233_7	weasel
1233_7	ermine
1233_7	trout
1233_7	bird
1233_7	bass
1235_2	dog
1235_2	cat
1235_2	cow
1235_2	deer
1235_2	mink
1235_2	moose
1235_2	giraffe
1235_2	lion
1235_2	tiger
1235_2	monkey
1235_2	gorilla
1235_2	snake
1235_2	cobra
1235_2	garder snake
1236_1	cat
1236_1	dog
1236_1	zebra
1236_1	hen
1236_1	buffalo
1236_1	bear
1236_1	horse
1236_1	pig
1236_1	hog
1236_1	bohr
1236_1	goat
1236_1	lamb
1236_1	lion
1236_1	tiger
1236_1	cheetah
1236_1	panther
1236_1	puma
1236_1	monkey
1236_1	mouse
1236_1	rat
1236_1	rabbit
1236_1	skunk
1236_1	woodchuck
1236_1	raccoon
1236_1	muskrat
1236_1	moose
1236_1	elk
1236_1	bear
1236_1	wolf
1236_1	coyote
1236_1	zebra
1236_1	camel
1236_1	dromedary
1236_1	giraffe
1236_1	elephant
1236_1	rhino
1236_1	hippo
1236_1	alligator
1236_1	crocodile
1236_3	cat
1236_3	dog
1236_3	rabbit
1236_3	horse
1236_3	cow
1236_3	goat
1236_3	lamb
1236_3	sheep
1236_3	ox
1236_3	yak
1236_3	kangaroo
1236_3	monkey
1236_3	lion
1236_3	tiger
1236_3	deer
1236_3	wolf
1236_3	mouse
1236_3	rat
1236_3	gerbil
1236_3	ginea pig
1236_3	pig
1236_3	donkey
1236_3	zebra
1236_3	giraffe
1236_3	camel
1236_3	bear
1236_5	cat
1236_5	dog
1236_5	cow
1236_5	horse
1236_5	fox
1236_5	lion
1236_5	tiger
1236_5	ape
1236_5	gorilla
1236_5	elephant
1236_5	camel
1236_5	giraffe
1236_5	whale
1236_5	seal
1236_5	rhino
1236_5	rabbit
1236_5	tortoise
1236_5	armadillo
1236_5	anteater
1236_5	monkey
1236_5	chimp
1236_5	wolf
1237_2	dog
1237_2	cat
1237_2	bird
1237_2	fish
1237_2	elephant
1237_2	lion
1237_2	tiger
1237_2	zebra
1237_2	bear
1237_2	deer
1237_2	jak
1237_2	moose
1237_2	donkey
1237_2	horse
1237_2	cow
1237_2	buffalo
1237_2	pig
1237_2	chicken
1237_2	goose
1237_4	beaver
1237_4	cat
1237_4	dog
1237_4	horse
1237_4	tiger
1237_4	lion
1237_4	donkey
1237_4	bear
1237_4	fox
1237_4	zebra
1237_4	elephant
1237_4	rhino
1237_4	chicken
1237_4	duck
1237_4	oreole
1237_4	cardinal
1237_4	blue jay
1237_4	sparrow
1237_4	hippo
1237_4	rhino
1237_6	cat
1237_6	dog
1237_6	bird
1237_6	zebra
1237_6	giraffe
1237_6	elephant
1237_6	horse
1237_6	cow
1237_6	sheep
1237_6	lamb
1237_6	mouse
1237_6	lion
1237_6	tiger
1237_6	wolf
1237_6	cat fish
1237_6	deer
1238_1	cat
1238_1	dog
1238_1	mouse
1238_1	fox
1238_1	tiger
1238_1	lion
1238_1	hippo
1238_1	giraffe
1238_1	deer
1238_1	bear
1239_2	dog
1239_2	cat
1239_2	robin
1239_2	blue jay
1239_2	wood pecker
1239_2	alligator
1239_2	cow
1239_2	horse
1239_2	ass
1239_2	donkey
1239_2	lion
1239_2	tiger
1239_2	zebra
1239_2	elephant
1239_2	deer
1239_2	buffalo
1239_2	moose
1239_2	cow
1239_2	pig
1239_4	dog
1239_4	cat
1239_4	mouse
1239_4	zebra
1239_4	horse
1239_4	monkey
1239_4	bird
1239_4	rat
1239_4	squirrel
1239_4	chipmunk
1239_4	giraffe
1239_6	cat
1239_6	dog
1239_6	mouse
1239_6	chicken
1239_6	duck
1239_6	turkey
1239_6	tiger
1239_6	cougar
1239_6	leopard
1239_6	cow
1239_6	sheep
1239_6	goat
1239_6	horse
1239_6	mule
1239_6	fish
1240_1	leopard
1240_1	cat
1240_1	dog
1240_1	lion
1240_1	tiger
1240_1	cheetah
1240_1	elephant
1240_1	rhino
1240_1	hippo
1240_1	giraffe
1240_1	gator
1240_1	chimp
1240_1	mole
1240_1	swquirrel
1240_1	chipmunk
1240_1	crocodile
1240_1	gorilla
1240_1	spider monkey
1240_1	spider  
1240_1	python
1240_3	lion
1240_3	tiger
1240_3	fox
1240_3	deer
1240_3	antelope
1240_3	elk
1240_3	moose
1240_3	owl
1240_3	seagull
1240_3	wren
1240_3	hawk
1240_3	eagle
1240_3	lamb
1240_3	calf
1240_3	cow
1240_3	sheep
1240_3	pig
1240_3	salmon
1240_3	trout
1241_2	moose
1241_2	rat
1241_2	giraffe
1241_2	lion
1241_2	cheetah
1241_2	baboon
1241_2	orangutan
1241_2	boa
1241_2	snake
1241_2	python
1241_2	cobra
1241_2	hog
1241_2	horse
1241_2	sleep
1241_2	pig
1241_2	cow
1241_2	lizard
1241_2	goat
1241_2	dog
1241_2	scorpion
1241_2	armadillo
1241_2	porcupine
1241_2	raccoon
1241_2	woodchuck
1241_2	cat
1241_5	dog
1241_5	cat
1241_5	pig
1241_5	cow
1241_5	bull
1241_5	aardvark
1241_5	anteater
1241_5	vole 
1241_5	mouse
1241_5	hawk
1241_5	bird
1241_5	robin
1241_5	duck
1241_5	goose
1241_5	bear
1241_5	moose
1241_7	dog
1241_7	cat
1241_7	goldfish
1241_7	buffalo
1241_7	deer
1241_7	mouse
1241_7	bear
1241_7	ferret
1241_7	fox
1241_7	rabbit
1241_7	frog
1241_7	trout
1241_7	bass
1241_7	cod
1241_7	picherel
1241_7	finch
1241_7	eagle
1241_7	hawk
1241_7	lion
1241_7	elephant
1241_7	giraffe
1241_7	zebra
1241_7	baboon
1241_7	monkey
1241_7	horse
1243_2	dog
1243_2	cat
1243_2	mouse
1243_2	hedgehog
1243_2	horse
1243_2	lion
1243_2	gazelle
1243_2	donkey
1243_2	giraffe
1243_2	elephant
1243_2	squirrel
1243_4	dog
1243_4	cat
1243_4	cow
1243_4	pig
1243_4	horse
1243_4	mice
1244_1	aardvark
1244_1	bear
1244_1	raccoon
1244_1	deer
1244_1	antelope
1244_1	platypus
1244_1	walrus
1244_1	doogang
1244_1	manatee
1244_1	whale
1244_1	porpoise
1244_1	fish
1244_1	cat
1244_1	dog
1244_1	squirrel
1244_1	ferret
1244_1	giraffe
1244_1	cougar
1244_1	cheetah
1244_1	lion
1244_1	antelope
1244_1	bison
1244_1	mouse
1244_1	rat
1244_1	bat  
1244_1	lemur
1244_1	robin
1244_5	aardvark
1244_5	camel
1244_5	lion
1244_5	tiger
1244_5	dog
1244_5	cat
1244_5	zebra
1244_5	giraffe
1244_5	rhino
1244_5	tasmanian devil
1244_5	kangaroo
1244_5	dingo
1244_5	wallabee
1244_5	eagle 
1244_5	sparrow
1244_5	vulture
1244_5	squirrel
1244_5	ferret
1244_5	parrot
1244_5	hummingbird
1244_7	collie
1244_7	afghan
1244_7	dog
1244_7	malamute
1244_7	golden retreiver
1244_7	labrador
1244_7	rhino
1244_7	hippo
1244_7	elephant
1244_7	tiger
1244_7	leopard
1244_7	lynx
1244_7	monkey
1244_7	gorilla
1244_7	baboon
1244_7	chimpanzee
1244_7	giraffe
1244_7	aardvark
1244_7	manatee
1244_7	donkey
1244_7	whale
1244_7	dolphins
1244_7	fish
1245_2	aardvark
1245_2	dog
1245_2	cat
1245_2	rat
1245_2	mouse
1245_2	squirrel
1245_2	deer
1245_2	elk
1245_2	moose
1245_2	lion
1245_2	tiger
1245_2	cougar
1245_2	panther
1245_2	monkey
1245_2	ape
1245_2	orangutan
1245_2	elephant
1245_2	giraffe
1245_2	zebra
1245_2	gnu
1245_2	guinea pig
1245_2	skunk
1245_2	hedge hog
1245_2	mole
1245_2	anteater
1245_2	kangaroo
1245_2	koala bear
1245_2	polar bear
1245_2	grizzly bear
1245_2	alligator
1245_2	crocodile
1245_4	anteater
1245_4	aardvark
1245_4	antelope
1245_4	bat
1245_4	dog
1245_4	cat
1245_4	giraffe
1245_4	zebra
1245_4	squirrel
1245_4	rat
1245_4	rabbit
1245_4	elephant
1245_4	whale
1245_4	kangaroo
1245_4	koala  
1245_4	lion
1245_4	tiger
1245_4	ape
1245_4	monkey
1245_4	mongoose
1245_4	rat
1245_4	mouse
1245_4	woodchuck
1245_4	porcupine
1245_4	skunk
1245_4	bear
1245_4	fox
1245_4	cougar
1245_6	ant
1245_6	beatle
1245_6	bee 
1245_6	bison
1245_6	elephant
1245_6	anteater
1245_6	zebra
1245_6	giraffe
1245_6	tiger
1245_6	cheetah
1245_6	ape
1245_6	monkey
1245_6	man
1245_6	horse
1245_6	donkey
1245_6	ass
1245_6	cow
1245_6	lamb
1245_6	sheep
1245_6	dog
1245_6	cat
1245_6	rabbit
1245_6	rat
1245_6	squirrel
1245_6	bat
1245_6	robin
1245_6	black bird
1245_6	swan
1245_6	duck
1245_6	stork
1246_1	tiger
1246_1	elephant
1246_1	lion
1246_1	zebra
1246_1	lynx
1246_1	giraffe
1246_1	weasel
1246_1	bear
1246_1	alligator
1246_1	mouse
1246_1	hyena
1246_1	crocodile
1246_1	rabbit
1246_1	chicken
1246_1	pig
1246_1	cow
1246_1	horse
1246_1	donkey
1246_1	buffalo
1246_1	antelope
1246_1	elk
1246_1	deer
1246_1	wolf
1246_1	fox
1246_3	aardvark
1246_3	beaver
1246_3	squirrel
1246_3	toad
1246_3	frog
1246_3	deer
1246_3	antelope
1246_3	bear
1246_3	seal
1246_3	fish
1246_3	dog
1246_3	coyote
1246_3	wolf
1246_3	fox
1246_3	monkey
1246_3	ape
1246_3	gibbon
1246_3	lion
1246_3	tiger
1246_3	hyena
1246_5	cobra
1246_5	tiger
1246_5	elephant
1246_5	beaver
1246_5	boar
1246_5	monkey
1246_5	ape
1246_5	lion
1246_5	crocodile
1246_5	fish
1246_5	giraffe
1246_5	elephant
1246_5	wolf
1246_5	coyote
1246_5	rabbit
1246_5	dog
1246_5	cat 
1246_5	lemur
1247_2	dog
1247_2	cat
1247_2	giraffe
1247_2	rhino
1247_2	monkey
1247_2	gorilla
1247_2	chimp
1247_2	horse
1247_2	ostrich
1247_2	oriole
1247_2	blue jay
1247_2	robin
1247_2	mole
1247_2	chicken
1247_4	dog
1247_4	cat
1247_4	giraffe
1247_4	rhino
1247_4	deer
1247_4	antelope
1247_4	caribou
1247_4	possum
1247_4	raccoon
1247_4	otar
1247_4	weasel
1247_4	elk
1247_4	ferret
1247_4	gerbil
1247_4	hamster
1247_4	snake
1247_4	rodent
1247_4	mouse
1247_4	hippo
1247_4	zebra
1248_1	cat
1248_1	dog
1248_1	horse
1248_1	rooster
1248_1	cow
1248_1	pig
1248_1	chicken
1248_1	bird
1248_1	robin
1248_1	turtle dove
1248_1	fish
1248_1	zebra
1248_1	duck
1248_1	goose
1248_1	horse
1248_1	cow
1248_1	pig
1248_1	goat
1248_1	sheep
1248_1	hawk
1248_3	cat
1248_3	dog
1248_3	rabbit
1248_3	vole
1248_3	beaver
1248_3	fox
1248_3	bear
1248_3	raccoon
1248_3	dog
1248_3	zebra
1248_3	elephant
1248_3	kangaroo
1248_3	whale
1248_3	shark
1248_3	bird
1248_3	monkey
1248_3	leopard
1248_3	lion
1248_5	horse
1248_5	cow
1248_5	chicken
1248_5	hog
1248_5	calf
1248_5	duck
1248_5	bird
1248_5	dog
1248_5	cat
1248_5	rabbit
1248_5	donkey
1248_5	duck
1248_5	goose
1248_5	chicken
1248_5	rooster
1248_5	duckling
1249_1	bear
1249_1	cow
1249_1	zebra
1249_1	antelope
1249_1	bison
1249_1	walrus
1249_1	seal
1249_1	polar bear
1249_1	crocodile
1249_1	alligarot
1249_1	snake
1249_1	dog
1249_1	cat
1249_1	pig
1249_1	horse
1249_1	cow
1249_1	donkey
1249_3	dog
1249_3	cat
1249_3	bird
1249_3	elephant
1249_3	giraffe
1249_3	zebra
1249_3	wildebeast
1249_3	snake
1249_3	python
1249_3	raccoon
1249_3	wolf
1249_3	lion
1249_3	tiger
1249_3	zebra
1249_3	fox
1249_5	dog
1249_5	cat
1249_5	mouse
1249_5	kangaroo
1249_5	elephant
1249_5	rhino
1249_5	giraffe
1249_5	rat
1249_5	gerbil
1249_5	owl
1250_2	cat
1250_2	dog
1250_2	mouse
1250_2	rat
1250_2	squirrel
1250_2	fox
1250_2	lion
1250_2	tiger
1250_2	fisher cat
1250_2	camel
1250_2	goat
1250_2	pig
1250_2	aardvark
1250_2	crow
1250_2	bird
1250_4	dog
1250_4	wolf
1250_4	cat
1250_4	lion
1250_4	jaguar
1250_4	lynx
1250_4	elephant
1250_4	moose
1250_4	deer
1250_4	skunk
1250_4	chipmunk
1250_4	squirrel
1250_4	mouse
1250_4	rat
1250_4	anteater
1250_4	bird
1250_4	alligator
1250_4	crocodile
1250_4	sea lion
1250_4	fish 
1250_4	shark
1250_4	otter
1250_4	beaver
1251_1	cat
1251_1	dog
1251_1	frog
1251_1	horse
1251_1	elephant
1251_1	chipmunk
1251_1	squirrel
1251_1	cow
1251_1	giraffe
1251_1	bear
1251_1	tiger
1251_1	lion
1251_1	rabbit
1251_1	fox
1251_1	moose
1251_1	sheep
1251_1	goat
1251_1	armadillo
1251_1	rat
1251_1	guinea pig
1251_1	ferret
1251_1	gerbil
1252_1	zebra
1252_1	hippo
1252_1	giraffe
1252_1	monkey
1252_1	dog
1252_1	cat
1252_1	horse
1252_1	wolf
1252_1	mouse
1252_1	porcupine
1252_1	fox
1252_1	possum
1252_1	armadillo
1252_1	donkey
1252_4	donkey
1252_4	horse
1252_4	colt
1252_4	cow
1252_4	cat
1252_4	pig
1252_4	sew
1252_4	piglet
1252_4	cat
1252_4	kitten
1252_4	dog
1252_4	puppy
1252_4	fox
1252_4	coyote
1252_4	skunk
1252_4	lion
1252_4	tiger
1252_4	hippo
1252_4	rhino
1252_4	zebra
1252_6	dog
1252_6	cat
1252_6	lion
1252_6	bear
1252_6	deer
1252_6	elk
1252_6	horse
1252_6	kangaroo
1252_6	anteater
1252_6	cat
1252_6	kitten
1252_6	duck
1252_6	bird
1252_6	fish
1252_6	alligator
1253_2	dog
1253_2	cat
1253_2	pig
1253_2	cat
1253_2	giraffe
1253_2	tiger
1253_2	lion
1253_2	monkey
1253_2	zebra
1253_2	elephant
1253_2	lion
1253_2	rat
1253_2	pig
1253_2	mouse
1253_2	platypus
1253_4	ant 
1253_4	aardvark
1253_4	tiger
1253_4	dog
1253_4	giraffe
1253_4	cat
1253_4	rabbit
1253_4	hare
1253_4	horse
1253_4	elephant
1253_4	lion
1253_4	monkey
1253_4	gorilla
1253_4	chimpanzee
1253_6	tiger
1253_6	lion
1253_6	aardvark
1253_6	ant 
1253_6	fox
1253_6	dinosaur
1253_6	leopard
1253_6	hippo
1253_6	elephant
1254_1	dog
1254_1	cat
1254_1	mouse
1254_1	rat
1254_1	sheep
1254_1	cow
1254_1	lamb
1254_1	tiger
1254_1	elephant
1254_1	raccoon
1254_1	muskrat
1254_1	monkey
1254_1	bear
1254_1	porcupine
1254_1	chicken
1254_1	duck
1254_1	geese
1254_1	bear
1254_1	llama
1254_1	elephant
1254_1	goat
1254_1	rabbit
1254_1	camel
1255_2	cat
1255_2	dog
1255_2	tiger
1255_2	elephant
1255_2	jaguar
1255_2	leopard
1255_2	zebra
1255_2	mouse
1255_2	horse
1255_2	cow
1255_2	pig
1255_2	donkey
1255_4	dog
1255_4	cat
1255_4	seal
1255_4	camel
1255_4	rhino
1255_4	hippo
1255_4	zebra
1255_4	panda
1255_4	bear
1255_4	fox
1255_4	ground hog
1255_4	wolf
1255_4	prarie dog
1255_4	lion
1255_4	tiger
1255_4	elk
1256_1	antelope
1256_1	elk
1256_1	dog
1256_1	cat
1256_1	squirrel
1256_1	chipmunk
1256_1	horse
1256_1	pony
1256_1	chicken
1256_1	duck
1256_1	rooster
1256_1	duck
1256_1	horse
1256_3	cat
1256_3	dog
1256_3	tiger
1256_3	elephant
1256_3	horse
1256_3	colt
1256_3	cow
1256_3	chipmunck
1256_3	chimp
1256_3	mule
1256_3	orangutan
1256_3	chicken
1256_3	duck
1258_2	aardvark
1258_2	zebra
1258_2	elephant
1258_2	lion
1258_2	tiger
1258_2	leopard
1258_2	zebra
1258_2	hyenna
1258_2	zebra
1258_2	elk
1258_2	moose
1258_2	deer
1258_2	ibex
1258_2	sheep
1258_2	ermine
1258_2	fox
1258_2	weasel
1258_2	marten
1258_2	fisher
1258_2	dog
1258_2	cat
1258_4	anteater
1258_4	elephant
1258_4	dog
1258_4	cat
1258_4	mouse
1258_4	rat
1258_4	roach
1258_4	giraffe
1258_4	zebra
1258_4	horse
1258_4	dog
1258_4	cat
1258_4	pony
1258_4	seal
1258_4	whale
1258_4	ostrich
1258_4	kangaroo
1258_4	wallaby
1259_2	dog
1259_2	cat
1259_2	bear
1259_2	horse
1259_2	rabbit
1259_2	raccoon
1259_2	hippo
1259_2	zebra
1259_2	moose
1259_2	deer
1259_2	beaver
1259_2	snake
1259_4	anteater
1259_4	antelope
1259_4	parrot
1259_4	zebra
1259_4	giraffe
1259_4	squirrel
1259_4	bear
1259_4	rabbit
1259_4	moose
1259_4	deer
1259_4	cat
1259_4	dog
1259_4	panda
1259_4	mouse
1259_4	pig
1259_4	chicken
1259_4	duck
1259_4	cow
1259_4	horse
1260_1	tiger
1260_1	fox
1260_1	cow
1260_1	horse
1260_1	pig
1260_1	dog
1260_1	cat
1260_1	rabbit
1260_1	mouse
1260_1	rat
1260_1	zebra
1260_1	giraffe
1260_1	elephant
1260_1	tiger
1260_1	bear
1260_1	woodchuck
1260_3	dog
1260_3	cat
1260_3	rabbit
1260_3	fox
1260_3	giraffe
1260_3	cow
1260_3	tiger
1260_3	elephant
1260_3	meerkat
1260_3	monkey
1260_3	snake
1260_3	lizard
1260_3	aligator
1260_3	crocodile
1260_3	lion
1260_5	dog
1260_5	cat
1260_5	cow
1260_5	lamb
1260_5	sheep
1260_5	giraffe
1260_5	elephant
1260_5	tiger
1260_5	leopard
1260_5	rabbit
1260_5	horse
1260_5	rhino
1260_5	beaver
1260_5	zebra
1260_5	giraffe
1261_2	cat 
1261_2	dog
1261_2	rabbit
1261_2	horse
1261_2	pig
1261_2	cow
1261_2	duck
1261_2	chicken
1261_2	rhino
1261_2	lion
1261_2	tiger
1261_2	elephant
1261_2	goat
1261_2	giraffe
1262_1	bee
1262_1	butterfly
1262_1	cat
1262_1	dog
1262_1	eel
1262_1	tiger
1262_1	lion
1262_1	giraffe
1262_1	cow
1262_1	elephant
1262_1	giraffe
1262_1	donkey
1262_1	spider
1262_1	ant
1262_1	worm
1262_1	eagle
1262_1	bluebird
1262_1	candle
1262_1	robin
1262_1	flicker
1262_1	woodpecker
1262_1	wren
1262_1	worthog
1262_3	dog
1262_3	cat
1262_3	ferret
1262_3	sheep
1262_3	cow
1262_3	horse
1262_3	zebra
1262_3	llama
1262_3	lion
1262_3	tiger
1262_3	cougar
1262_3	elephant
1262_3	eel
1262_3	gnu
1262_3	deer
1262_3	elk
1262_3	salmon
1262_3	tuna
1262_3	shad
1262_3	shellfish
1262_5	ape
1262_5	dog
1262_5	eat
1262_5	fish
1262_5	eel
1262_5	shake
1262_5	cow
1262_5	bull
1262_5	steer
1262_5	horse
1262_5	mare
1262_5	stall
1262_5	colt
1262_5	foal
1262_5	pelican
1262_5	gull
1262_5	wren
1262_5	hummingbird
1263_1	dog
1263_1	cat
1263_1	chicken
1263_1	hen
1263_1	horse
1263_1	fox
1263_1	elephant
1263_3	dog
1263_3	cat
1263_3	turtle
1263_3	supply
1263_3	giraffe
1263_3	elephant
1263_3	hippo
1263_3	rhino
1263_3	tiger
1263_3	lion
1263_3	seal
1263_3	chimp
1263_3	monkey
1263_3	ape
1263_3	orangutan
1263_3	gibbon
1263_3	lion
1263_3	tiger
1263_3	tortoise
1263_3	hare
1263_3	rabbit
1263_3	mongoose
1263_3	snake
1263_3	worm
1263_3	squirrel
1263_3	chipmunk
1263_3	bird
1263_3	eagle
1263_3	bull
1263_5	lion
1263_5	tiger
1263_5	zebra
1263_5	elephant
1263_5	cougar
1263_5	puma
1263_5	dog
1263_5	rat
1263_5	mouse
1263_5	leopard
1263_5	snake
1263_5	monkey
1263_5	panda
1263_5	bear
1263_5	bison
1263_5	cow
1263_5	sheep
1263_5	rooster
1263_5	hen 
1263_5	chicken
1263_5	turkey
1263_5	goose
1264_1	pig
1264_1	cow
1264_1	horse
1264_1	sheep
1264_1	lamb
1264_1	zebra
1264_1	giraffe
1264_1	lion
1264_1	tiger
1264_1	cheetah
1264_1	seal
1264_1	walrus
1264_1	birdy
1264_1	crow
1264_1	sparrow
1264_1	red bird
1264_3	fish
1264_3	whale
1264_3	dog
1264_3	cat
1264_3	elephant
1264_3	zebra
1264_3	coyote
1264_3	deer
1264_3	bear
1264_3	moose
1264_3	pig
1264_3	cow
1264_3	horse
1264_3	sheep
1264_3	rabbit
1264_3	squirrel
1265_2	dog
1265_2	cat
1265_2	squirrel
1265_2	zebra
1265_2	cow
1265_2	giraffe
1265_2	skunk
1265_2	moose
1265_2	elk
1265_2	elephant
1265_2	mule
1265_2	horse
1265_2	beaver
1265_2	otter
1265_2	weasel
1265_2	aardvark
1265_2	goldfish
1265_2	snake
1265_2	foot
1265_4	aardvark
1265_4	asbestos
1265_4	deer
1265_4	cow
1265_4	antelope
1265_4	porcupine
1265_4	mole
1265_4	chipmunk
1265_4	elephant
1265_4	rhino
1265_4	horse
1265_4	cow
1265_4	weasel
1265_4	beaver
1265_4	tiger
1265_4	lion
1265_4	possum
1265_4	eagle
1265_4	bluejay
1265_4	cardinal
1265_6	dog
1265_6	cat
1265_6	elephant
1265_6	giraffe
1265_6	squirrel
1265_6	donkey
1265_6	mule
1265_6	monkey
1265_6	ape
1265_6	chimpanzee
1265_6	chipmunk
1265_6	bat 
1265_6	rabbit
1265_6	horse
1265_6	donkey
1265_6	robin
1265_6	swallow
1265_6	pelican
1265_6	eagle
1265_6	panda
1265_6	aardvark
1265_6	wren
1265_6	bluejay
1265_6	robin
1265_6	fish
1265_6	perch
1265_6	bass 
1266_2	cat
1266_2	dog
1266_2	guinea pig
1266_2	rat
1266_2	elephant
1266_2	mouse
1266_2	bear
1266_2	lion
1266_2	tiger
1266_2	zebra
1266_2	wildebeest
1266_2	mule
1266_2	bluebird
1266_2	robin
1266_2	roach
1266_2	mosquito
1267_2	cat 
1267_2	dog
1267_2	monkey
1267_2	giraffe
1267_2	elephant
1267_2	tiger
1267_2	lion
1267_2	leopard
1267_2	panda
1267_2	snake
1267_2	fish
1267_2	gorilla
1267_2	elk
1268_1	cat
1268_1	dog
1268_1	porcupine
1268_1	ferret
1268_1	wolf
1268_1	fox
1268_1	whale
1268_1	chicken
1268_1	termite
1268_1	butterfly
1268_1	dancerfly
1268_1	moth
1268_1	moose
1268_1	antelope
1268_1	deer
1268_1	worm
1268_1	bird
1268_3	zebra
1268_3	donkey
1268_3	ocelot
1268_3	jaguar
1268_3	giraffe
1268_3	tiger
1268_3	snail
1268_3	weasel
1268_3	mink
1268_3	turkey
1268_3	stork
1268_3	tiger
1268_3	elephant
1268_3	camel
1268_3	rhino
1268_3	hippo
1268_3	horse
1268_3	dog
1268_3	cat
1268_3	mouse
1268_3	rat
1268_3	badger
1268_5	bear
1268_5	lion
1268_5	tiger
1268_5	lynx
1268_5	jaguar
1268_5	fern
1268_5	robin
1268_5	cockroach
1268_5	termite
1268_5	butterfly
1268_5	cricket
1268_5	gorilla
1268_5	orangutan
1268_5	shake
1268_5	hippopotamus
1268_5	giraffe
1268_5	dog
1268_5	cat
1268_5	squirrel
1269_2	whale
1269_2	bass  
1269_2	blue fish
1269_2	crab
1269_2	lobster
1269_2	mouse
1269_2	mole
1269_2	chipmunk
1269_2	rodent
1269_2	dog
1269_2	cat
1269_2	horse
1269_2	cow
1269_2	zebra
1269_2	giraffe
1269_2	elephant
1269_2	lion
1269_2	tiger
1269_2	ocelot
1269_2	groundhog
1269_2	skunk
1269_2	robin
1269_2	crow
1269_2	finch
1269_2	squirrel
1269_2	cow
1269_2	calf
1269_2	horse
1269_4	dog
1269_4	shelty
1269_4	collie
1269_4	mastif
1269_4	poodle
1269_4	cow
1269_4	bull
1269_4	horse
1269_4	mare
1269_4	gelding
1269_4	sheep
1269_4	ewel
1269_4	chicken
1269_4	hen
1269_4	turkey
1269_4	capon
1269_4	cat
1269_4	kitten
1269_4	skunk
1269_4	raccoon
1269_4	bull
1269_4	moose
1269_4	deer
1269_4	fawn
1269_4	bear
1269_4	goat
1269_4	giraffe
1270_2	turkey
1270_2	duck
1270_2	goose
1270_2	horse
1270_2	cow
1270_2	pig
1270_2	elephant
1270_2	lion 
1270_2	tiger
1270_2	bobcat
1270_2	camel
1270_2	trout
1270_2	salmon
1270_2	tuna
1270_2	mackerel
1270_2	cod
1270_2	halibut
1270_2	swordfish
1270_2	pickerel
1270_2	cat
1270_2	mouse 
1270_2	rat
1270_2	giraffe
1270_2	hippo
1270_2	snake
1270_4	moose
1270_4	deer
1270_4	bear
1270_4	cow
1270_4	dog
1270_4	cat
1270_4	goat
1270_4	snake
1270_4	chipmunk
1270_4	squirrel
1270_4	crow
1270_4	robin
1270_4	sparrow
1270_4	chickadee
1270_4	cardinal
1270_4	nuthatch
1270_4	eagle
1270_4	hawk
1270_4	geese
1270_4	chicken
1270_4	rooster
1270_4	duck
1270_4	fish
1271_2	cat 
1271_2	dog
1271_2	giraffe
1271_2	zebra
1271_2	cow
1271_2	camel
1271_2	rhinoceros
1271_2	elephant
1271_2	hedghog
1271_2	rat
1271_2	mole
1271_2	fox
1271_2	fishercat
1271_2	giraffe
1271_2	tiger
1271_2	hyenna
1271_2	moose
1271_2	deer
1271_2	porcupine
1271_2	snake
1272_1	anteater
1272_1	aardvark
1272_1	bear
1272_1	bison
1272_1	buffalo
1272_1	bull
1272_1	cougar
1272_1	cat
1272_1	dog
1272_1	fox
1272_1	giraffe
1272_1	hippo
1272_1	kangaroo
1272_1	mouse 
1272_1	mink
1272_1	wolverine
1272_1	otter
1272_1	porcupine
1272_1	dolphin
1272_1	whale
1272_1	iron
1272_1	tiger
1272_1	bear
1272_1	squirrel
1272_1	chipmunk
1272_3	deer
1272_3	dog
1272_3	cat
1272_3	cougar
1272_3	tiger
1272_3	lion
1272_3	leopard
1272_3	giraffe
1272_3	horse
1272_3	elephant
1272_3	giraffe
1272_3	zebra
1272_3	elk
1272_3	mouse 
1272_3	rhinoceros
1272_3	hippo
1272_3	fox
1272_3	rabbit
1272_3	mouse 
1272_3	rat
1272_3	squirrel
1272_3	chipmunk
1272_3	raccoon
1272_5	zebra
1272_5	giraffe
1272_5	squirrel
1272_5	chipmunk
1272_5	fox
1272_5	badger
1272_5	wolf
1272_5	dog
1272_5	cat
1272_5	cow
1272_5	mule
1272_5	horse
1272_5	donkey
1272_5	lion
1272_5	tiger
1272_5	cheetah
1272_5	leopard
1272_5	jaguar
1272_5	kangaroo
1272_5	koala
1272_5	bear
1272_5	mouse 
1272_5	rat
1272_5	bison
1272_5	buffalo
1273_2	horse
1273_2	cow
1273_2	cat
1273_2	kitten
1273_2	pony
1273_2	monkey
1273_2	tiger
1273_2	elephant
1273_2	dog
1273_2	coyote
1273_2	wolf
1274_1	cat
1274_1	sable
1274_1	mink
1274_1	rhino
1274_1	hippo
1274_1	otter
1274_1	dog
1274_1	snake
1274_1	zebra
1274_1	lion
1274_1	rattlesnake
1274_1	tiger cat
1274_1	tiger
1274_1	elephant
1274_1	horse
1274_1	wildbeest
1274_3	lion
1274_3	tiger
1274_3	ocelot
1274_3	cougar
1274_3	cat
1274_3	fish
1274_3	dog
1274_3	ox
1274_3	cow
1274_3	bull
1274_3	horse
1274_3	stallion
1274_3	mare
1274_3	colt
1274_3	gilly
1274_3	lizard
1274_3	shake
1274_3	snake
1274_3	cobra
1274_3	pit viper
1274_3	frog
1274_3	toad
1274_3	bird
1274_3	robin
1274_3	bluebird
1274_3	bluejay
1274_3	cardinal
1274_5	labrador
1274_5	golden retriever
1274_5	bull dog
1274_5	cat
1274_5	kitten
1274_5	puppy
1274_5	tiger
1274_5	lion
1274_5	leopard
1274_5	elk
1274_5	deer
1274_5	donkey
1274_5	egret
1274_5	bird
1274_5	bluejay
1274_5	swallow
1274_5	blackbird
1274_5	bluejay
1274_5	cardinal
1274_5	snake
1274_5	wasp
1274_5	rattlesnake
1275_1	cat
1275_1	dog
1275_1	cow
1275_1	squirrel
1275_1	alligator
1275_1	snake
1275_1	mule
1275_1	horse
1275_1	lizard
1275_1	sheep
1275_1	goat
1275_1	cat
1275_1	elephant
1275_1	rhino
1275_1	crocodile
1276_1	man
1276_1	cat
1276_1	dog
1276_1	sheep
1276_1	cow
1276_1	pig
1276_1	chicken
1276_1	mouse
1276_1	rat 
1276_1	tiger
1276_1	elephant
1276_1	lion
1276_1	zebra
1276_1	giraffe
1276_1	tapper
1276_1	aardvark
1276_1	skunk
1276_1	mole
1276_1	rat
1276_1	rooster
1276_1	hen
1276_1	steer
1276_1	bull  
1276_1	calf
1276_1	mare
1276_1	stud
1276_1	colt
1276_1	philly
1276_3	horse
1276_3	cow
1276_3	sheep
1276_3	goat
1276_3	pig
1276_3	chicken
1276_3	duck
1276_3	goose
1276_3	hen
1276_3	rooster
1276_3	ewe
1276_3	ram
1276_3	stallion
1276_3	colt
1276_3	mare
1276_3	tiger
1276_3	giraffe
1276_3	camel
1276_3	aardvark
1276_3	anteater
1276_3	possum
1276_3	coyote
1276_3	wolf
1276_3	lion
1276_3	giraffe
1276_3	elephant
1276_3	zebra
1276_3	yak
1276_5	cat
1276_5	dog
1276_5	kitten
1276_5	puppy
1276_5	horse
1276_5	zebra
1276_5	llama
1276_5	alpaca
1276_5	pig
1276_5	chicken
1276_5	bird
1276_5	boar
1276_5	turtle 
1276_5	alpaca
1276_5	sheep
1276_5	ewe
1276_5	ram
1276_5	stallion
1277_2	dog
1277_2	cat
1277_2	rabbit
1277_2	skunk
1277_2	horse
1277_2	cow
1277_2	mule
1277_2	sheep
1277_2	chickadee
1277_2	cardinal
1277_2	finch
1277_2	zebra
1277_2	monkey
1277_2	elephant
1277_2	skunk
1277_2	antelope
1277_2	mosquito
1277_2	black fly
1277_2	beet
1277_2	hornet
1278_1	cat
1278_1	dog
1278_1	whale
1278_1	platypus
1278_1	marsupial
1278_1	orangutan
1278_1	chimpanzee
1278_1	mandy
1278_1	woman
1278_1	worm
1278_1	lizard
1278_1	snake
1278_1	copperhead
1278_1	rattlesnake
1278_1	mocosin snake
1278_1	vampire snake
1278_1	fruit bat
1279_1	aardvark
1279_1	sloth
1279_1	anteater
1279_1	bear
1279_1	buffalo
1279_1	bull  
1279_1	cow
1279_1	crocodile
1279_1	alligator
1279_1	dog
1279_1	donkey
1279_1	giraffe
1279_1	hippo
1279_1	jaguar
1279_1	dragon
1279_3	aardvark
1279_3	lion
1279_3	tiger
1279_3	lynx
1279_3	fox
1279_3	ferret
1279_3	hippo
1279_3	rhino
1279_3	camel
1279_3	giraffe
1279_3	lynx
1279_3	wolf
1279_3	cougar
1279_3	dog
1279_3	cat
1279_3	possum
1279_3	gorilla
1279_3	chimpanzee
1279_3	panda
1279_3	bear
1279_3	boa
1279_3	alligator
1279_3	lizard
1279_3	snake
1279_3	spider
1279_3	fox
1279_5	aardvark
1279_5	bison
1279_5	buffalo
1279_5	cow
1279_5	dino
1279_5	eel
1279_5	frog
1279_5	giraffe
1279_5	hippo
1279_5	coyote
1279_5	llama
1279_5	mouse
1280_1	dog
1280_1	cat
1280_1	squirrel
1280_1	mouse
1280_1	horse
1280_1	cow
1280_1	deer
1280_1	moose
1280_1	bear
1280_1	cougar
1280_1	otter
1280_1	badger
1280_1	skunk
1280_1	raccoon
1280_1	elephant
1280_1	lion
1280_1	seal
1280_1	tiger
1280_3	mouse
1280_3	lion
1280_3	raccoon
1280_3	squirrel
1280_3	fox
1280_3	dog
1280_3	cat
1280_3	cow
1280_3	moose
1280_3	deer
1280_3	rabbit
1280_3	bear
1280_3	tiger
1280_3	crocodile
1280_3	alligator
1280_3	hawk
1280_3	eagle
1280_5	dog
1280_5	cat
1280_5	horse
1280_5	cow
1280_5	sheep
1280_5	elephant
1280_5	giraffe
1280_5	monkey
1280_5	rhino
1280_5	hippo
1280_5	mouse
1280_5	role
1280_5	snake
1280_5	skunk
1280_5	raccoon
1280_5	bear
1280_5	fox
1280_5	mole
1280_5	muskrat
1281_2	rabbit
1281_2	chicken
1281_2	turkey
1281_2	goose
1281_2	gander
1281_2	pig
1281_2	cow
1281_2	camel
1281_2	ostrich
1281_2	horse
1281_2	bear
1281_2	gorilla
1281_2	chimpanzee
1281_2	leopard
1281_2	tiger
1281_2	bluebird
1281_2	red bird
1281_2	chicken
1281_2	sparrow
1281_4	ant
1281_4	bee
1281_4	mosquito
1281_4	worm
1281_4	squirrel
1281_4	shake
1281_4	eel
1281_4	fish
1281_4	bluefish
1281_4	lox
1281_4	cow
1281_4	sheep
1281_4	lamb
1281_4	goat
1281_4	mule
1281_4	tiger
1281_4	lion
1281_4	ostrich
1281_4	chicken
1281_4	duck
1281_4	turkey
1281_4	squirrel
1281_4	hippo
1281_6	ant
1281_6	anteater
1281_6	cow
1281_6	horse
1281_6	lamb
1281_6	sheep
1281_6	zebra
1281_6	giraffe
1281_6	lion
1281_6	buffalo
1281_6	moose
1281_6	alligator
1281_6	crocodile
1281_6	snake
1281_6	butterfly
1281_6	lizard
1281_6	duck
1281_6	goose
1282_2	cat
1282_2	dog
1282_2	mouse
1282_2	horse
1282_2	cow
1282_2	buffalo
1282_2	deer
1282_2	rhino
1282_2	elephant
1282_2	hippo
1282_2	bison
1282_2	giraffe
1282_2	snake
1282_2	ape
1282_2	monkey
1282_2	rat
1282_2	ostrich
1282_2	gnu
1282_2	antelope
1282_4	anteater
1282_4	bear
1282_4	dog
1282_4	duck
1282_4	cat
1282_4	hippo
1282_4	rhino
1282_4	zebra
1282_4	lion
1282_4	tiger
1282_4	snake
1282_4	pelican
1282_4	bird
1282_4	insect
1282_4	ant
1282_4	zebra
1282_4	camel
1282_4	giraffe
1282_4	octopus
1282_4	fish
1282_6	dog
1282_6	cat
1282_6	mouse
1282_6	rat
1282_6	zebra
1282_6	lion
1282_6	tiger
1282_6	elephant
1282_6	giraffe
1282_6	fox
1282_6	badger
1282_6	porcupine
1282_6	pig
1282_6	kangaroo
1282_6	bear
1282_6	koala
1282_6	polar bear
1282_6	cardinal
1282_6	bluebird
1282_6	bluejay
1282_6	crow
1283_1	zebra
1283_1	pig
1283_1	goat
1283_1	horse
1283_1	cow 
1283_1	cloak
1283_1	duck
1283_1	goose
1283_1	rabbit
1283_1	cat
1283_1	dog
1283_1	hampster
1283_1	mouse
1283_1	rat
1283_1	giraffe
1283_1	elephant
1283_1	buffalo
1283_1	wildebeast
1283_1	deer
1283_1	goat
1283_1	mountain lion
1283_1	prairie dog
1283_1	bobcat
1283_1	weasel
1283_1	mink
1283_1	otter
1283_1	possum
1283_1	squirrel
1283_1	deer
1283_1	elk
1283_1	moose
1283_1	alligator
1283_3	mouse
1283_3	rat
1283_3	raccoon
1283_3	rabbit
1283_3	squirrel
1283_3	dog
1283_3	cat
1283_3	leopard
1283_3	lion
1283_3	lynx
1283_3	cheetah
1283_3	elephant
1283_3	giraffe
1283_3	antelope
1283_3	bull
1283_3	elk
1283_3	bear
1283_3	horse
1283_3	duck
1283_3	moose
1283_3	deer
1283_3	cow 
1283_3	lamb
1283_3	goose
1283_3	pigeon
1283_3	gofer
1283_3	ox
1283_3	monkey
1283_3	chimpanzee
1283_3	zebra
1283_3	hyenna
1283_3	dingo
1286_1	horse
1286_1	rabbit
1286_1	donkey
1286_1	cow
1286_1	zebra
1286_1	camel
1286_1	antelope
1286_1	rabbit
1286_1	squirrel
1286_1	mice
1286_1	rat
1286_1	hampster
1286_1	ferret
1286_1	sheep
1286_1	goat
1286_1	mule
1286_1	antelope
1286_1	reindeer
1286_1	moose
1286_1	deer
1286_1	fox
1284_2	dog
1284_2	cat
1284_2	mice
1284_2	rat
1284_2	gorilla
1284_2	monkey
1284_2	ape
1284_2	giraffe
1284_2	kangaroo
1284_2	mole
1284_2	lion
1284_2	tiger
1284_2	elephant
1284_2	zebra
1284_2	giraffe
1284_2	deer
1284_2	antelope
1284_2	sheep
1284_2	cow
1284_2	horse
1284_2	goat
1284_2	chicken
1284_2	antelope
1284_2	bear
1284_2	coyote
1284_4	cat
1284_4	dog
1284_4	steer
1284_4	cow
1284_4	tiger
1284_4	lion
1284_4	sheep
1284_4	wolf
1284_4	fox
1284_4	coyote
1284_4	bear
1284_4	wolverine
1284_4	otter
1284_4	rabbit
1284_4	pirate
1284_4	antelope
1285_1	dog
1285_1	cat
1285_1	horse
1285_1	donkey
1285_1	mule
1285_1	cow
1285_1	anteater
1285_1	gorilla
1285_1	monkey
1285_1	bear
1285_1	fox
1285_1	weasel
1285_1	chipmunk
1285_1	squirrel
1285_1	mink
1285_1	lamb
1285_1	sheep
1285_1	goat
1285_1	lion
1285_1	tiger
1285_1	panther
1285_1	mountain lion
1285_1	civit
1285_1	otter
1285_3	giraffe
1285_3	zebra
1285_3	dog
1285_3	cat
1285_3	anteater
1285_3	lion
1285_3	tiger
1285_3	panther
1285_3	elephant
1285_3	rhino
1285_3	hippo
1285_3	coyote
1285_3	wolf
1285_3	otter
1285_3	bureau
1285_3	moose
1285_3	deer
1285_3	fox
1285_3	badger
1285_3	mole
1285_3	mouse
1285_3	rat
1285_3	raccoon
1285_3	skunk
1288_1	aardvark
1288_1	bear
1288_1	camel
1288_1	dog
1288_1	emu
1288_1	fox
1288_1	giraffe
1288_1	hare
1288_1	jackal
1288_1	llama
1288_1	mouse
1288_1	ox
1288_1	pickerel
1288_1	rabbit
1288_1	tiger
1288_1	wallaby
1288_1	zebra
1288_3	aardvark
1288_3	zebra
1288_3	bear
1288_3	cat
1288_3	cow
1288_3	pig
1288_3	buffalo
1288_3	orangutan
1288_3	alligator
1288_3	crow
1288_3	fish
1288_3	starfish
1288_3	seahorse
1288_3	whale
1288_3	orca
1288_3	otter
1288_3	woodpecker
1288_3	toad
1288_3	frog
1288_3	turtle
1288_5	zebra
1288_5	giraffe
1288_5	elephant
1288_5	cow
1288_5	horse
1288_5	pig
1288_5	ant
1288_5	human
1288_5	gorilla
1288_5	chimpanzee
1288_5	monkey
1288_5	whale
1288_5	fish
1288_5	cod
1288_5	haddock
1288_5	herring
1288_5	shark
1288_5	eel
1288_5	octopus
1288_5	turtle
1288_5	crab
1288_5	shrimp
1289_1	deer
1289_1	fish
1289_1	buffalo
1289_1	moose
1289_1	dog
1289_1	cat 
1289_1	elephant
1289_1	lobster
1289_1	crab
1289_1	cricket
1289_1	ant
1289_1	bee 
1289_1	fly
1289_1	blackfly
1289_1	mosquito
1289_1	rattle snake
1289_1	insect
1289_1	kitten
1289_3	tiger
1289_3	elephant
1289_3	dog
1289_3	antelope
1289_3	deer
1289_3	moose
1289_3	fish
1289_3	amphibian
1289_3	cat 
1289_3	caterpiller
1289_3	ant
1289_3	insect
1289_3	snake
1289_3	horse
1291_1	dog
1291_1	cat
1291_1	tiger
1291_1	lion
1291_1	elephant
1291_1	rhino
1291_1	ostrich
1291_1	otter
1291_1	oxen
1291_1	baboon
1291_1	orangutan
1291_1	whale
1291_1	trout
1291_1	jak
1291_1	emu
1291_3	dog
1291_3	cat
1291_3	mouse
1291_3	rat
1291_3	raccoon
1291_3	bear
1291_3	wolf
1291_3	coyote
1291_3	lynx
1291_3	rhino
1291_3	tiger
1291_3	lion
1291_3	chimpanzee
1291_3	monkey
1291_3	gorilla
1291_3	orangutan
1291_3	horse
1291_3	cow
1291_3	calf
1291_3	pony
1291_3	colt
1291_3	pig
1291_3	chicken
1291_3	hen
1291_3	rooster
1292_1	fish
1292_1	dog
1292_1	cat
1292_1	porcupine
1292_1	pig
1292_1	kangaroo
1293_1	zebra
1293_1	kangaroo
1293_1	possum
1293_1	coon
1293_1	deer
1293_1	moose
1293_1	caribou
1293_1	pronghorn
1293_1	antelope
1293_1	ape
1293_1	ant 
1293_1	dog
1293_1	cat
1293_1	snake
1293_1	bird
1293_1	loon
1293_1	thrush
1293_1	hawk
1293_1	paragrine falcon
1293_1	sparrow
1293_1	sap sucker
1293_1	wood pecker
1293_3	moose
1293_3	deer
1293_3	bear
1293_3	muskrat
1293_3	antelope
1293_3	lynx
1293_3	catamaran
1293_3	catamount
1293_3	cougar
1293_3	rhino
1293_3	giraffe
1293_3	lion
1293_3	buffalo
1293_3	dog
1293_3	cat
1293_3	ant
1293_3	butterfly
1293_3	swallow
1293_3	robin
1293_3	wood pecker
1293_3	canari
1293_3	white throated sparrow
1293_5	mosquito
1293_5	virus
1293_5	bacteria
1293_5	goat
1293_5	sheep
1293_5	ass
1293_5	colt
1293_5	horse
1293_5	pig
1293_5	rooster
1293_5	hen
1293_5	warbler
1293_5	thrush
1293_5	wood pecker
1293_5	wren
1293_5	sparrow
1293_5	flicker
1293_5	piliated wood pecker
1293_5	goose
1293_5	duck
1293_5	loon
1294_2	cat
1294_2	dog
1294_2	giraffe
1294_2	rhino
1294_2	lion
1294_2	tiger
1294_2	lama
1294_2	deer
1294_2	turkey
1294_4	cat
1294_4	dog
1294_4	horse
1294_4	cow
1294_4	monkey
1294_4	loin
1294_4	tiger
1294_4	giraffe
1294_4	kangaroo
1294_4	buffalo
1294_4	goat
1294_4	rhino
1294_4	elephant
1294_4	dinosaur
1294_4	chicken
1294_4	goose
1295_1	dog
1295_1	cat
1295_1	rabbit
1295_1	bear
1295_1	rhino
1295_1	boar
1295_1	monkey
1295_1	tiger
1295_1	lion
1295_1	elephant
1295_1	zebra
1295_1	walrus
1295_1	whale
1295_1	seal
1295_1	turtle
1295_1	chipmunk
1295_1	squirrel
1295_1	bird
1295_1	goose
1295_1	chicken
1295_1	turkey
1295_1	zebra
1295_3	kangaroo
1295_3	baboon
1295_3	elk
1295_3	deer
1295_3	mouse
1295_3	cat
1295_3	rat
1295_3	dog
1295_3	sheep
1295_3	chicken
1295_3	horse
1295_3	moose
1295_3	squirrel
1295_3	bat
1295_3	monkey
1295_3	alligator
1295_3	lamb
1295_3	cow
1295_3	calf
1296_1	ant 
1296_1	antelope
1296_1	platypus
1296_1	elephant
1296_1	giraffe
1296_1	gecko
1296_1	salamander
1296_1	cockroach
1296_1	cat
1296_1	dog
1296_1	fox
1296_1	lion
1296_1	leopard
1296_1	mouse
1296_1	rat
1296_1	mole
1296_1	vole
1296_1	bird
1296_3	alligator
1296_3	crocodile
1296_3	dog
1296_3	cat
1296_3	ant
1296_3	fox
1296_3	wolf
1296_3	elephant
1296_3	giraffe
1296_3	tiger
1296_3	lion
1296_3	worm
1296_3	butterfly
1296_3	mosquito
1296_3	gorilla
1296_3	monkey
1296_3	antelope
1296_3	fish
1296_3	snake
1296_3	spider
1296_3	cow
1296_3	horse
1297_2	zebra
1297_2	giraffe
1297_2	elephant
1297_2	dog
1297_2	cat
1297_2	hampster
1297_2	goat
1297_2	sheep
1297_2	chicken
1297_2	buffalo
1297_2	tiger
1297_2	lion
1297_2	snake
1297_2	puma
1297_2	leopard
1297_2	kangaroo
1297_2	koala
1297_2	bear
1297_2	kodak bear
1297_2	sea lion
1297_2	whale
1297_2	porpoise
1297_4	zebra
1297_4	elephant
1297_4	lion
1297_4	tiger
1297_4	bear
1297_4	raccoon
1297_4	possum
1297_4	squirrel
1297_4	beaver
1297_4	rhino
1297_4	seal
1297_4	polar bear
1297_4	penguin
1297_4	bluebird
1297_4	robin
1297_4	finch
1297_4	grosbeak
1297_4	dog
1297_4	cat
1297_4	turtle
1297_4	rabbit
1298_1	cow
1298_1	horse
1298_1	squirrel
1298_1	dog
1298_1	cat
1298_1	sheep
1298_1	mouse
1298_1	rat
1298_1	weasel
1298_1	mink
1298_1	bear
1298_1	deer
1298_1	bat
1298_1	otter
1298_1	beaver
1298_1	ferret
1298_1	lion
1298_1	tiger
1298_1	elephant
1298_1	giraffe
1298_1	leopard
1298_1	cheetah
1298_1	garden snake
1298_3	mouse
1298_3	squirrel
1298_3	chipmunk
1298_3	rat
1298_3	fox
1298_3	giraffe
1298_3	elephant
1298_3	tiger
1298_3	bat
1298_3	lion
1298_3	coyote
1298_3	wolf
1298_3	cat
1298_3	dog
1298_3	frog
1298_3	fish
1298_3	lizard
1298_3	worm
1298_3	fly
1298_3	caterpillar
1298_3	butterfly
1299_2	ape
1299_2	buffalo
1299_2	bison
1299_2	chicken
1299_2	turkey
1299_2	tiger
1299_2	giraffe
1299_2	zebra
1299_2	lion
1299_2	elephant
1299_2	water buffalo
1299_2	hippo
1299_2	ostrich
1299_2	bluebird
1299_2	pigeon
1299_2	chickadee
1299_2	bear
1299_2	raccoon
1299_2	possum
1299_2	beaver
1299_2	bat 
1300_1	dog
1300_1	cat
1300_1	giraffe
1300_1	lion
1300_1	pigeon
1300_1	snake
1300_1	elephant
1300_1	whale
1300_1	bear
1300_1	tiger
1300_1	moose
1300_1	deer
1300_1	squirrel
1300_1	chipmunk
1300_1	polecat
1300_1	bobcat
1300_3	dog
1300_3	cat
1300_3	mouse
1300_3	elephant
1300_3	giraffe
1300_3	hyena
1300_3	buffalo
1300_3	butterfly
1300_3	bull
1300_3	horse
1300_3	eagle
1300_3	robin
1300_3	bluejay
1300_3	hawk
1300_3	snake
1300_3	alligator
1300_3	skunk
1300_3	raccoon
1300_3	weasel
1302_2	dog
1302_2	cat
1302_2	mice
1302_2	bear
1302_2	wolf
1302_2	bird
1302_2	rabbit
1302_2	dragon
1302_2	snake
1302_2	fish
1302_2	elephant
1302_2	tiger
1302_2	wolf
1303_1	cow
1303_1	horse
1303_1	sheep
1303_1	dog
1303_1	mouse
1303_1	rat
1303_1	cat
1303_1	chicken
1303_1	turkey
1303_1	pig
1303_1	hawk
1303_1	eagle
1303_1	sparrow
1303_1	hummingbird
1303_1	human
1303_1	fish
1304_1	cat
1304_1	dog
1304_1	sheep
1304_1	cow
1304_1	alligator
1304_1	eagle
1304_1	hawk
1304_1	monkey
1304_1	tiger
1304_1	lion
1304_1	zebra
1304_1	horse
1304_1	hippo
1304_1	snake
1304_1	lizard
1304_1	fish
1304_1	dolphin
1304_1	whale
1304_1	monkey
1304_1	ape
1305_2	ant
1305_2	bear
1305_2	cow
1305_2	dog
1305_2	cat 
1305_2	rhino
1305_2	hippo
1305_2	elephant
1305_2	tiger
1305_2	lamb
1305_2	leopard
1305_2	worm
1305_2	gerbil
1305_2	hamster
1305_2	steer
1305_2	goat
1305_2	antelope
1305_2	wildebeest
1305_4	ape
1305_4	dog
1305_4	cat 
1305_4	mouse
1305_4	rat
1305_4	lion
1305_4	tiger
1305_4	leopard
1305_4	monkey
1305_4	mole
1305_4	chipmunk
1305_4	snake
1305_4	giraffe
1305_4	tiger
1306_1	cat 
1306_1	dog
1306_1	rabbit
1306_1	gerbil
1306_1	deer
1306_1	moose
1306_1	elk
1306_1	fox
1306_1	groundhog
1306_1	mole
1306_1	mice
1306_1	rat
1306_1	ant
1306_1	centipede
1306_1	lizard
1306_1	bee
1306_1	giraffe
1306_1	elephant
1306_1	zebra
1306_1	cow
1306_1	horse
1306_1	pig
1306_1	goat
1306_1	donkey
1306_1	sheep
1306_3	cat 
1306_3	dog
1306_3	horse
1306_3	gerbil
1306_3	skunk
1306_3	squirrel
1306_3	chipmunk
1306_3	giraffe
1306_3	zebra
1306_3	elephant
1306_3	lion
1306_3	tiger
1306_3	coyote
1306_3	bear
1306_3	snake
1306_3	mosquito
1306_3	bird
1306_3	monkey
1306_3	ape
1307_1	women
1307_1	dog
1307_1	cat 
1307_1	albatross
1307_1	beaver
1307_1	duck
1307_1	deer
1307_1	moose
1307_1	muskrat
1307_1	wolf
1307_1	cougar
1307_3	donkey
1307_3	ape
1307_3	zebra
1307_3	horse
1307_3	pig
1307_3	cow
1307_3	steer
1307_3	dog
1307_3	cat 
1308_2	sheep
1308_2	cow
1308_2	lamb
1308_2	cat 
1308_2	dog
1308_2	cow
1308_2	rabbit
1308_2	cat 
1308_2	mice
1308_2	gerbil
1308_2	elephant
1308_2	giraffe
1308_2	lion
1308_2	big
1308_2	hen 
1308_2	chicken
1308_2	horse
1308_4	squirrel
1308_4	skunk
1309_1	cat
1309_1	dog
1309_1	sheep
1309_1	goat
1309_1	cow
1309_1	horse
1309_1	pig
1309_1	rat
1309_1	mouse
1309_1	chimpanzee
1309_1	bear
1309_1	elk
1309_1	deer
1309_1	raccoon
1309_1	elephant
1309_1	lion
1309_1	tiger
1309_1	giraffe
1309_1	kangaroo
1309_1	koala
1309_1	weasel
1309_1	mink
1309_1	squirrel
1309_3	horse
1309_3	cow
1309_3	chicken
1309_3	dog
1309_3	deer
1309_3	mouse
1309_3	cat
1309_3	duck
1309_3	goose
1309_3	raindeer
1309_3	hippo
1309_3	rhino
1309_3	elephant
1309_3	giraffe
1309_3	lion
1309_3	tiger
1309_3	hare
1309_3	chipmunk
1309_3	squirrel
1309_3	skunk
1309_3	porcupine
1309_3	hedgehog
1309_3	elephant
1309_5	lion
1309_5	tiger
1309_5	cat
1309_5	dog
1309_5	zebra
1309_5	horse
1309_5	giraffe
1309_5	donkey
1309_5	cow
1309_5	hen 
1309_5	chicken
1309_5	monkey
1309_5	gorilla
1309_5	hippo
1309_5	elephant
1309_5	polar bear
1309_5	black bear
1309_5	panda bear
1309_5	muskrat
1309_5	beaver
1310_1	ant
1310_1	aardvark
1310_1	cow
1310_1	horse
1310_1	cat
1310_1	dog
1310_1	moose
1310_1	deer
1310_1	fox
1310_1	raccoon
1310_1	wallaby
1310_1	zebra
1310_1	gorilla
1310_1	ape
1310_1	orangutan
1310_1	whale
1310_1	fish
1310_1	minnow
1310_1	rat
1310_1	chipmunk
1310_1	squirrel
1310_1	bird
1310_1	goat
1310_1	sheep
1310_1	guinea pig
1310_1	lab rat
1310_3	ape
1310_3	monkey
1310_3	gorilla
1310_3	chimp
1310_3	horse
1310_3	pony
1310_3	burro
1310_3	ass
1310_3	mule
1310_3	dog
1310_3	eat
1310_3	ant
1310_3	butterfly
1310_3	whale
1310_3	fish
1310_3	porpoise
1310_3	shark
1310_3	tuna
1310_3	coyote
1310_3	bear
1310_3	lamp
1310_3	sheep
1310_3	cow
1310_3	calf
1310_3	bull
1310_5	mammal
1310_5	horse
1310_5	donkey
1310_5	cow
1310_5	beaver
1310_5	mouse
1310_5	hippo
1310_5	rhino
1310_5	giraffe
1310_5	elephant
1310_5	tiger
1310_5	lion
1310_5	leopard
1310_5	panther
1310_5	lynx
1310_5	rabbit
1310_5	deer
1310_5	elk
1310_5	moose
1310_5	fish
1310_5	salmon
1310_5	perch
1310_5	tilapia
1310_5	cod
1310_5	haddock
1310_5	trout
1310_5	octopus
1310_5	squid
1310_5	gouper
1310_5	bird
1311_1	cow
1311_1	horse
1311_1	pig
1311_1	sheep
1311_1	deer
1311_1	moose
1311_1	elk
1311_1	bear
1311_1	elephant
1311_1	giraffe
1311_1	hippo
1311_1	rhino
1311_1	zebra
1311_1	spider
1311_1	mosquito
1311_1	eagle
1311_1	falcon
1311_1	osprey
1311_1	duck
1311_1	seagull
1311_1	goose
1311_1	raccoon
1311_1	skunk
1311_1	rabbit
1311_1	mouse
1311_1	rat
1311_1	rattlesnake
1311_1	copperhead
1311_1	whale
1311_1	shark
1311_1	angel fish
1311_1	trout
1311_1	salmon
1311_3	bug
1311_3	dog
1311_3	cat
1311_3	sheep
1311_3	horse
1311_3	cow
1311_3	oxen
1311_3	steer
1311_3	eagle
1311_3	osprey
1311_3	duck
1311_3	goose
1311_3	falcon
1311_3	robin
1311_3	songbird
1311_3	elephant
1311_3	giraffe
1311_3	lion
1311_3	zebra
1311_3	tiger
1311_3	cougar
1311_3	puma
1311_3	mountain lion
1311_3	worm
1311_3	snake
1311_3	trout
1311_3	salmon
1311_3	clam
1311_3	shark
1311_3	zebra fish
1311_3	oyster
1312_2	cat
1312_2	dog
1312_2	donkey
1312_2	cat
1312_2	hippo
1312_2	giraffe
1312_2	camel
1312_2	cow
1312_2	horse
1312_2	pig
1312_2	cougar
1312_2	elephant
1312_2	wolf
1312_2	bear
1312_2	mountain lion
1312_2	hippo
1312_2	rhino
1312_2	monkey
1313_2	mouse
1313_2	moose
1313_2	deer
1313_2	antelope
1313_2	dog
1313_2	cat
1313_2	buck
1313_2	skunk
1313_2	ocelot
1313_2	puma
1313_2	cow
1313_2	leopard
1313_2	lion
1313_2	tiger
1313_2	elephant
1313_2	rhino
1313_2	hippo
1313_2	alligator
1313_2	crocodile
1313_2	fish
1313_2	fowl
1313_2	fowl
1313_2	woodchuck
1313_2	seal
1313_2	beaver
1314_1	bat
1314_1	ant
1314_1	cat
1314_1	dog
1314_1	cow
1314_1	horse
1314_1	pig
1314_1	duck
1314_1	chicken
1314_1	giraffe
1314_1	zebra
1314_1	elephant
1314_1	lion
1314_1	tiger
1314_1	cougar
1314_1	hippo
1314_1	rhino
1314_1	donkey
1314_1	llama
1314_1	alligator
1314_1	crocodile
1314_1	snake
1314_1	salamander
1314_1	turtle
1314_1	bat
1314_1	mouse
1314_3	elephant
1314_3	zebra
1314_3	giraffe
1314_3	hippo
1314_3	rhino
1314_3	bat
1314_3	dog
1314_3	cat
1314_3	mouse
1314_3	rat
1314_3	squirrel
1314_3	zebra
1314_3	arrdvark
1314_3	donkey
1314_3	horse
1314_3	duck
1314_3	bird
1314_3	snake
1314_3	fish
1314_3	shark
1314_3	porcupine
1314_3	trout
1314_3	whale
1314_3	empala
1314_3	kudu
1314_3	leopard
1314_3	lion
1314_3	cheetah
1314_3	fishercat
1314_3	chipmunk
1314_5	alligator
1314_5	zebra
1314_5	donkey
1314_5	antelope
1314_5	giraffe
1314_5	eagle
1314_5	robin
1314_5	hummingbird
1314_5	heron
1314_5	mountain lion
1314_5	hippo
1314_5	rhino
1314_5	lynx
1314_5	gazelle
1314_5	ostrich
1314_5	mouse
1314_5	deer
1314_5	lion
1314_5	tiger
1314_5	cheetah
1314_5	mule
1314_5	monkey
1314_5	mouse
1314_5	rat
1314_5	weasel
1314_5	beaver
1314_5	cow
1314_5	horse
1314_5	pig
1314_5	chicken
1314_5	ram
1314_5	puppy
1314_5	kitten
1315_2	antelope
1315_2	bear
1315_2	cow
1315_2	calf
1315_2	crocodile
1315_2	dog
1315_2	elephant
1315_2	goat
1315_2	sheep
1315_2	horse
1315_2	fowl
1315_2	zebra
1315_2	monkey
1315_2	ape
1315_2	rhino
1315_2	hippo
1315_2	llama
1315_2	kitten
1315_2	baboon
1316_1	ape
1316_1	orangutan
1316_1	dog
1316_1	cat 
1316_1	monkey
1316_1	bird
1316_1	elephant
1316_1	zebra
1316_3	lion
1316_3	tiger
1316_3	zebra
1316_3	skunk
1316_3	sable
1316_3	sphinx
1316_5	elephant
1316_5	monkey
1316_5	zebra
1316_5	cobra
1317_1	horse
1317_1	tiger
1317_1	cat 
1318_1	cat 
1318_1	dog
1318_1	guinea pig
1318_1	ground hog
1318_1	skunk
1318_1	lion
1318_1	giraffe
1318_1	tiger
1318_1	elephant
1318_1	emu
1318_1	llama
1318_1	alpaca
1318_1	horse
1318_1	cow
1318_1	sheep
1318_1	goat
1318_1	oxen
1318_1	donkey
1318_3	cat 
1318_3	dog
1318_3	guinea pig
1318_3	gerbil
1318_3	weasel
1318_3	deer
1318_3	elk
1318_3	moose
1318_3	beaver
1318_3	antelope
1318_3	llama
1318_3	alpaca
1318_3	chipmunk
1318_3	squirrel
1318_3	mink
1318_3	woodchuck
1319_1	antelope
1319_1	ape
1319_1	alligator
1319_1	monkey
1319_1	snake
1319_1	buffalo
1319_1	giraffe
1319_1	gazelle
1319_1	lion
1319_1	tiger
1319_1	water buffalo
1319_1	boar
1319_1	pig
1319_1	chicken
1319_1	rodent
1319_1	mice
1319_1	rat
1320_2	bear
1320_2	cougar
1320_2	raccoon
1320_2	squirrel
1320_2	giraffe
1320_2	hippo
1320_2	monkey
1320_2	lion
1320_2	deer
1320_2	moose
1320_2	dog
1320_2	cat 
1320_2	zebra
1320_2	horse
1320_2	cow
1320_2	bear
1320_2	beaver
1320_2	turtle
1320_4	cat 
1320_4	dog
1320_4	cow
1320_4	calf
1320_4	colt
1320_4	camel
1320_4	cougar
1320_4	crane
1320_4	crocodile
1321_2	bear
1321_2	bobcat
1321_2	raccoon
1321_2	cat 
1321_2	dog
1321_2	chicken
1321_2	turkey
1321_2	baboon
1321_2	camel
1321_2	elephant
1321_2	cat 
1321_2	dog
1321_2	deer
1321_4	cat 
1321_4	dog
1321_4	squirrel
1321_4	bear
1321_4	raccoon
1321_4	rabbit
1321_4	bear
1321_4	beaver
1321_4	horse
1321_4	stallion
1321_4	mare
1321_4	antelope
1322_3	guinea pig
1322_3	cat
1322_3	dog
1322_3	persian cat
1322_3	burmese cat
1322_3	airdale
1322_3	poodle
1322_3	collie
1322_3	horse
1322_3	pony
1322_3	cow
1322_3	donkey
1322_3	giraffe
1322_3	moose
1322_3	deer
1322_3	elephant
1322_3	zebra
1322_3	pig
1322_3	pony
1324_1	dog
1324_1	cat
1324_1	rat
1324_1	mouse
1324_1	lizard
1324_1	turtle
1324_1	frog
1324_1	snake
1324_1	cow
1324_1	bull
1324_1	calf
1324_1	horse
1324_1	mare
1324_1	stallion
1324_1	foal
1324_1	rooster
1324_1	chick
1324_1	duck
1324_1	snake
1324_1	ducklng
1324_1	goose
1324_1	goslin
1324_1	gandle
1324_1	ram
1324_1	lamb
1324_1	buck
1324_1	ewe
1324_1	fawn
1324_1	rabbit
1324_1	muskrat
1324_1	mink
1324_1	otter
1324_1	beaver
1325_1	alligator
1325_1	aardvark
1325_1	antelope
1325_1	bear
1325_1	bull
1325_1	cow
1325_1	deer
1325_1	fox
1325_1	fish
1325_1	gnu
1325_1	horse
1325_1	jackle
1325_1	kangaroo
1325_1	lemur
1325_1	leopard
1325_1	lamb
1325_1	monkey
1325_1	newt
1325_1	rat
1325_1	snake
1325_1	squirrel
1325_1	turtle
1325_1	walrus
1325_1	seal
1325_1	zebra
1325_1	giraffe
1325_3	giraffe
1325_3	dog
1325_3	cat
1325_3	antelope
1325_3	alligator
1325_3	tiger
1325_3	lion
1325_3	llama
1325_3	deer
1325_3	fox
1325_3	skunk
1325_3	raccoon
1325_3	possum
1325_3	squirrel
1325_3	duck
1325_3	chicken
1325_3	wolf
1325_3	moose
1325_3	muskrat
1325_3	armadillo
1326_1	dog
1326_1	cat
1326_1	mose
1326_1	elephant
1326_1	crocodile
1326_1	horse
1326_1	cow
1326_1	sheep
1326_1	chicken
1326_1	bison
1326_1	dinosaur
1326_1	raccoon
1326_1	fish
1326_1	mosquito
1326_1	black fly
1326_1	guinea pig
1326_1	chipmunk
1326_1	loon
1326_1	bear
1326_4	dog
1326_4	shelty
1326_4	shetland sheep dog
1326_4	scotty
1326_4	spaniel
1326_4	cocker spaneil
1326_4	horse
1326_4	cow
1326_4	pig 
1326_4	chicken
1326_4	rooster
1326_4	fly
1326_4	japanese beetle
1326_4	tick 
1326_4	mosquito
1328_1	alligator
1328_1	aardvark
1328_1	camel 
1328_1	cat 
1328_1	dog
1328_1	elephant
1328_1	fish
1328_1	chicken
1328_1	ostrich
1328_1	pig 
1328_1	horse
1328_1	cat
1328_1	lion
1328_1	lobster
1328_1	crab
1328_1	dolphin
1328_1	whale
1329_1	horse
1329_1	cow
1329_1	dog
1329_1	cat
1329_1	donkey
1329_1	sheep
1329_1	elephant
1329_1	lion
1329_1	monkey
1329_1	mule
1329_1	cat
1329_1	dog
1329_1	tiger
1329_1	lion
1329_1	giraffe
1329_3	bear
1329_3	beaver
1329_3	horse
1329_3	cow
1329_3	snake
1329_3	alligator
1329_3	anxious
1329_3	afraid
1329_3	apple
1330_2	dog
1330_2	cat
1330_2	elephant
1330_2	sable
1330_2	hippopotamus
1330_2	gazelle
1330_2	fox
1330_2	cat
1330_2	muskrat
1330_2	robin
1330_2	eagle
1330_2	crocodile
1330_4	dog
1330_4	cat
1330_4	muskrat
1330_4	hippopotamus
1330_4	elephant
1330_4	giraffe
1330_4	monkey
1330_4	raccoon
1330_4	snake
1330_4	rattlesnake
1330_4	boa constrictor
1331_2	cheetah
1331_2	bear
1331_2	pig
1331_2	rhino
1331_2	donkey
1331_2	unicorn
1331_2	zebra
1331_2	polar bear
1331_2	brown bear
1331_2	kodiak bear
1331_2	hummingbird
1331_2	deer
1331_2	moose
1331_2	elk
1331_2	trout
1331_2	brown trout
1331_2	rainbow trout
1331_2	sea urchin
1331_2	shark
1331_2	blue shark
1331_2	bull shark
1331_2	great white shark
1331_2	dog
1331_2	cat
1331_2	mouse
1331_2	hamster
1331_2	lamprey
1331_2	eel
1331_2	snail
1331_2	escargot
1332_1	dog
1332_1	cat
1332_1	horse
1332_1	chipmunk
1332_1	beaver
1332_1	squirrel
1332_1	turtle
1334_2	ant
1334_2	aardvark
1334_2	lion
1334_2	tiger
1334_2	elephant
1334_2	rhino
1334_2	eagle
1334_2	giraffe
1334_2	monkey
1334_2	gorilla
1334_2	worm
1334_2	zebra
1334_2	camel
1334_2	horse
1334_2	orangutan
1334_2	cow
1334_2	sheep
1334_2	dog
1334_2	cat
1334_2	osprey
1334_2	swan
1334_2	whale
1334_2	salmon
1334_2	bear
6204_2	dog
6204_2	cat
6204_2	coyote
6204_2	bear
6204_2	lynx
6204_2	giraffe
6204_2	tiger
6204_2	lion
6204_2	hippopotamus
6204_2	cow
6204_2	bull
6204_2	chicken
6204_2	grouse
6204_2	pheasant
6204_2	seal 
6204_2	walrus
6204_2	whale
6204_2	baluga
6204_2	lynx
6204_2	tiger
6204_2	giraffe
6204_4	dog
6204_4	cat
6204_4	cow
6204_4	giraffe
6204_4	greyhound
6204_4	zebra
6204_4	lion
6204_4	tiger
6204_4	chipmunk
6204_4	rattlesnake
6204_4	kangaroo
6204_4	ocelot
6204_4	leopard
6204_4	giraffe
6204_6	lion
6204_6	tiger
6204_6	anteater
6204_6	dog
6204_6	cat
6204_6	rat 
6204_6	mouse
6204_6	muskrat
6204_6	wolf
6204_6	rabbit
6204_6	fox
6204_6	hare
6204_6	sloth
6204_6	rhinoceros
6204_6	leopard
6204_6	orangutan
6204_6	bonobo
6204_6	chimpanzee
